id,price_target
0,22280.68983991422
1,23343.438042282018
2,27357.20089597546
3,18799.93376916351
4,19741.455159253208
5,17864.2309531045
6,21507.05937969752
7,62951.38824158025
8,24508.48219477415
9,16580.37617801398
10,27084.007401458868
11,15902.137874008682
12,17381.069150918014
13,19795.419875285195
14,30449.431964866206
15,16453.537018729483
16,17387.052603642234
17,16326.259112481639
18,17903.21787944506
19,18927.359023733516
20,30348.300411208147
21,22996.160561192508
22,21495.367890374575
23,18237.248415753602
24,23899.97965389832
25,23840.874588204366
26,38924.62222300707
27,18238.27904780362
28,20828.678586917013
29,26004.92453102226
30,28314.868687219932
31,24510.83340204315
32,24349.007476427374
33,20923.30682467498
34,16165.804391572345
35,17875.606278745665
36,28851.58177590587
37,33124.015926798995
38,16565.2419137171
39,24257.039857286472
40,19351.12426592642
41,17625.78720056089
42,16717.13420915022
43,31950.099269106133
44,40597.19476155131
45,15905.50018515447
46,25794.490530882904
47,16366.08006538009
48,17587.22842817818
49,17181.401133706568
50,16865.831918806583
51,28963.72261400913
52,25830.292128043802
53,32234.57044029641
54,41959.14450855298
55,24835.723185988278
56,45204.28656503
57,19052.174242291563
58,27846.100909752466
59,23002.253161590725
60,33219.189528024894
61,29535.568481082446
62,31565.77016048692
63,21504.25340887798
64,17490.11831619565
65,18038.567646795716
66,19140.99828529715
67,24908.787835147727
68,30005.347494559144
69,27050.308123908515
70,17447.383551848667
71,21421.421740793856
72,37198.116275147804
73,24047.220884409988
74,30974.15430021673
75,34013.36001404509
76,36489.367464314324
77,17961.26541586721
78,16769.494332322138
79,37574.54181742209
80,18603.28757666648
81,16773.079502036962
82,16472.96738714671
83,23179.540266600063
84,20446.117245018046
85,27911.434785914353
86,19163.979949979006
87,16493.106531989684
88,16187.727085307311
89,18715.422355564573
90,19113.996728268867
91,30540.136207047944
92,15965.597208778849
93,25522.275016223797
94,27854.4610710825
95,41142.2225888279
96,27930.660214594784
97,17985.319960194047
98,22855.924860127125
99,17312.42953169864
100,17522.02934716578
101,19757.078835163295
102,43998.947897636805
103,32832.37257797869
104,22174.42565931592
105,18962.900407804107
106,23698.333200574074
107,37797.139451069204
108,22475.713929321922
109,52507.432569521094
110,30810.973213135912
111,17864.938456351127
112,28395.06329880718
113,19778.038705821535
114,24047.26060300236
115,17073.64038614488
116,19745.43601475624
117,16281.023768049328
118,18897.09112474793
119,20871.662096150954
120,34488.53703229569
121,16200.470093621232
122,27972.658023861073
123,50616.92713927703
124,27930.95262634029
125,24850.628029731917
126,25155.306736168593
127,19559.15374363264
128,31698.865198176074
129,20774.96600706747
130,16284.680289854216
131,38646.09870824705
132,28271.18982433128
133,19180.39252352045
134,16678.699512839597
135,27511.988256267043
136,17664.694502518956
137,28189.441101997196
138,21390.45513473364
139,25443.003777391375
140,16605.511128728154
141,34160.74331978349
142,17240.03500365167
143,26208.300121209657
144,42274.85844370927
145,16188.126535398766
146,17053.334795971885
147,28782.47853106537
148,16968.927563071054
149,24046.28903486468
150,28998.48237974498
151,32608.06850026547
152,27575.41929093517
153,18727.915749063697
154,19069.684165890892
155,24607.84123762515
156,31879.127722538877
157,21305.37164977687
158,18499.699558850498
159,28134.980051545597
160,19673.77881815321
161,70584.37722405404
162,17652.63221697631
163,36470.29574167045
164,27330.810634563684
165,31386.77792064068
166,16760.094310010227
167,36876.22527865571
168,18616.90502543198
169,19504.93637240051
170,22724.609252171605
171,34530.20447928747
172,24551.141193813735
173,22183.019673353367
174,26027.142061772
175,32044.02142387021
176,22639.273097159254
177,17222.69110998653
178,74948.58796860403
179,16323.908188631238
180,18986.05055282593
181,20007.326053062607
182,25000.55377304066
183,24994.622080307265
184,21787.597161427402
185,17485.07895130068
186,17783.10216598484
187,16890.45462770393
188,19263.95358424867
189,24725.680303684065
190,17020.48848561562
191,20973.942801998834
192,24062.08832506943
193,49973.32935846561
194,28654.06684634095
195,16171.209190962192
196,22819.32176863982
197,28513.375724191188
198,80222.59360412204
199,43726.91015588015
200,18874.370562391065
201,16584.07412019021
202,30006.225902313185
203,22108.357198161153
204,23645.318501414236
205,30471.920752269038
206,17438.15144188844
207,23487.72262990534
208,24307.100024829924
209,19044.001963073424
210,24864.091381405713
211,16334.308703074912
212,38088.42534791538
213,16135.770208596838
214,26511.75631699355
215,23858.324184944555
216,33519.601078710824
217,43735.82265737152
218,16977.05714629705
219,19232.472932104316
220,16459.892802429786
221,19460.681334910638
222,44052.30465791125
223,28277.601111064007
224,16349.357134011829
225,21538.454521864216
226,17502.455164945724
227,22366.330305494284
228,24408.90579168866
229,23509.204599714685
230,24647.137698095645
231,24449.680276958163
232,16887.573020631156
233,19154.46543692638
234,29474.485289296586
235,18895.42072391109
236,17110.084638969784
237,16300.637200961486
238,27973.63331910259
239,24343.137443264357
240,22004.74203394437
241,17651.483839166413
242,27707.744784997652
243,18213.25495313208
244,16670.175529617227
245,31330.065170040318
246,23491.892313166827
247,19180.431131269255
248,30400.36657826101
249,16016.852940327697
250,28965.931927083097
251,23210.26681940253
252,17479.379644285815
253,35307.54460409945
254,22227.084263104305
255,39115.873368724555
256,16575.743562604475
257,19664.856481346957
258,36612.41321488698
259,26991.25853982792
260,33417.85078706665
261,23226.062544637185
262,16832.999241452213
263,24472.149181805213
264,19602.42026978643
265,20543.665890961267
266,17280.31890648354
267,18495.049956987295
268,41812.58118191163
269,36923.52071734285
270,17563.481002333247
271,19030.73026256251
272,22181.465776908033
273,24803.318332572086
274,25805.878194699457
275,23489.50602471153
276,91658.24116536818
277,18774.147907557253
278,25445.809700060818
279,19440.927208423043
280,19358.041308195156
281,18330.262111551463
282,26121.384951041724
283,30850.612266441552
284,19106.6907773957
285,21131.82271702282
286,29825.000257274554
287,25141.83600328121
288,27197.867193216156
289,43575.233831497026
290,17434.26167715368
291,17246.093723610455
292,32650.586520555655
293,22033.535251139117
294,36586.2681018171
295,21324.279296501743
296,26490.35906685519
297,27658.13684104057
298,30687.86568095533
299,16285.716573279533
300,19563.97367796803
301,16211.052475237542
302,23380.5651530333
303,23292.642454049692
304,25697.64576222807
305,31371.0496086504
306,17368.336953846432
307,30891.593847978555
308,27572.652269835486
309,31560.081645978484
310,26920.033654962306
311,32199.98059737192
312,22717.658939731613
313,22352.148218915554
314,16715.405822452896
315,25797.251346435656
316,63745.68919598649
317,34162.94429026537
318,34048.617419967544
319,16203.185611625862
320,17427.303658627854
321,17171.425833212583
322,18675.45307960046
323,20877.707926092684
324,28735.573580773344
325,16535.559840397025
326,22423.248421829776
327,19483.184844069852
328,19603.3991204448
329,21014.7535177068
330,20385.534837112937
331,31595.691458691468
332,26870.587317315327
333,19016.394717503023
334,26044.64330041485
335,32461.429375226948
336,42972.52669666556
337,19010.78781744068
338,19441.892433736208
339,23397.648833950618
340,19652.04996667333
341,40485.43707379663
342,17448.798697917584
343,29237.9028557374
344,16553.256175565457
345,53401.42713349897
346,26197.718039335465
347,30065.309096936282
348,29136.612636182952
349,27680.002982089976
350,16822.578292071947
351,17934.469171426477
352,17058.77428591121
353,19048.15584389637
354,16132.226000725334
355,27948.676725140704
356,21231.358159596737
357,20762.75593129905
358,18980.460890080645
359,15932.289566871234
360,18063.398548514197
361,20862.139988446404
362,26946.287324166133
363,19338.94725893531
364,16356.297964798625
365,30052.97241780752
366,22725.66129527463
367,20543.77129817052
368,17281.45021734788
369,18193.552867893704
370,29548.34077787087
371,20123.5776702096
372,23697.831919606557
373,23812.581826030953
374,17317.867858305275
375,23720.909749187143
376,23578.65895377278
377,24083.750268862015
378,26411.082005826454
379,26853.997797024407
380,18688.30217769833
381,27719.719169537257
382,39839.380332496796
383,29630.317477685254
384,16317.697850293695
385,39059.79416877628
386,19594.04644709734
387,21769.017957964646
388,23557.376957167107
389,17896.851863400854
390,24943.92232997617
391,26714.455046567717
392,32586.842571679674
393,28498.618952004057
394,27459.990215931608
395,29619.381463380647
396,19335.307577070736
397,34614.857888064704
398,29892.548775246458
399,18170.709244216127
400,26092.84055040616
401,16149.09710482357
402,17235.173249588242
403,20326.540932636628
404,17213.25996670996
405,25583.234464092584
406,19338.844126743148
407,34059.77993518045
408,35161.13133471847
409,21727.093443175465
410,18457.992611626007
411,28614.645039801395
412,16467.616243587152
413,17730.990226879832
414,16393.54251798757
415,28504.401494138772
416,24177.50253678762
417,16832.29668978965
418,17775.44298874813
419,93710.11240038456
420,22165.992532248412
421,24515.48010248221
422,16827.670133938413
423,20466.702042527417
424,37835.112985100015
425,17391.81147386744
426,21009.379529933638
427,17720.560843401912
428,22495.237474011054
429,16381.762323618725
430,34728.60080834164
431,23140.577089754806
432,17069.520543333303
433,29153.087068993867
434,30350.926573291792
435,16913.157206150237
436,16116.294390272531
437,23909.48662144288
438,16521.870287516867
439,16305.104684988179
440,22453.744597584962
441,21910.148291938145
442,23659.255701400612
443,22132.946066893845
444,25827.84094249269
445,17844.447571723416
446,20594.32229167393
447,27321.264249229454
448,24900.235441521076
449,24111.66518397536
450,21736.52026574941
451,76988.96981210049
452,28705.630312455258
453,24295.622844833553
454,45661.50879200864
455,44611.83277186039
456,31907.218105624306
457,19337.376515202108
458,24216.203986273827
459,16441.742770801873
460,17708.963605753575
461,20591.992490842436
462,19112.784205065855
463,24191.480801922302
464,30240.814462283488
465,19795.727705883215
466,16268.505905914293
467,23071.79373274135
468,22384.16919113916
469,16685.486376325247
470,18551.9255106484
471,22648.691125987792
472,41350.83202791927
473,17752.90534177081
474,31353.54860055144
475,16227.308657756152
476,50496.252293195466
477,26407.991701935578
478,16938.800644516323
479,29702.25630136234
480,27259.085462123356
481,20375.13098131927
482,19149.458953061196
483,17759.142212355328
484,17713.152118345846
485,22639.821151248165
486,30487.427745571975
487,31008.867309158897
488,26919.86152772644
489,17137.047535895334
490,17028.211272551034
491,27994.408379543223
492,21332.105718111623
493,23413.29438019074
494,16141.900466991943
495,21283.93346052501
496,24322.22393021184
497,16740.39828329819
498,34968.94786731941
499,16547.111204930072
500,32125.56378397499
501,17266.777875011445
502,24702.1897670972
503,19165.63026456794
504,23661.597591693375
505,27020.739071764907
506,24788.85130247292
507,22886.696131085217
508,22774.58216809773
509,19933.70606038648
510,21522.18332975558
511,21005.348883932355
512,16213.702615928076
513,16427.421696533915
514,17371.00869001826
515,34193.912018006304
516,26217.04127070278
517,18266.924362609254
518,17669.472664103472
519,21165.077669086928
520,32435.675631453796
521,17228.53785720359
522,31970.37625121535
523,28417.37994320823
524,21229.765936901895
525,30579.838937947705
526,16547.71860348629
527,19682.711056592263
528,27000.22181555099
529,29912.85990806612
530,18054.985859253957
531,22346.629691590948
532,25985.25176058438
533,25965.52017071511
534,19852.151273219424
535,22599.655629652345
536,17140.005268324912
537,23765.777504000507
538,28734.090489983806
539,17846.94877769058
540,25701.201880790522
541,38044.670520595006
542,17542.700562982536
543,25379.3883631167
544,24975.415685142805
545,23218.212402820624
546,16549.008033227954
547,23413.437685674122
548,35976.71064357872
549,33825.92601329192
550,16720.777692865762
551,24356.82080032023
552,39733.850689124214
553,31915.248355425196
554,23232.63697799444
555,17257.826577816675
556,22496.414880003264
557,30741.983583078647
558,17417.663297128114
559,38529.52920414442
560,20955.530773667273
561,16513.12138430225
562,20446.88503356857
563,16592.707372714285
564,24737.253682115297
565,16572.405527836687
566,25501.69723848433
567,16569.473125129978
568,25345.536735666916
569,17525.254317878593
570,16415.12832207482
571,21834.716249712117
572,21272.728026468703
573,41442.34222507341
574,19319.224934094287
575,37742.26318608693
576,20960.282595715238
577,26857.287542727725
578,22515.22526318265
579,16599.735966988475
580,19752.68068237871
581,24208.66793408287
582,19750.596649979707
583,24335.97073521789
584,17242.798965558555
585,25775.333138500653
586,22187.640592051597
587,20057.183593802118
588,16692.237297553424
589,21729.905978262468
590,83735.37080063809
591,16153.547032083035
592,34542.41612546937
593,26960.64756461628
594,21436.884130586208
595,20503.479434954246
596,16330.969150056826
597,25275.658938286433
598,22208.16387496909
599,22767.717137077154
600,18863.348530982898
601,20215.905267747505
602,29828.223039470304
603,17267.905198180335
604,16270.165465451493
605,15998.865110756364
606,19473.43843598743
607,26735.934173863192
608,29449.652002167964
609,29989.24066613311
610,28915.091838100503
611,16867.938248260172
612,20955.050719857703
613,23737.534092568367
614,25652.561296065913
615,16707.96345844075
616,31702.104399819684
617,16933.030248651346
618,20549.283230419256
619,16440.10377180046
620,22803.5286536819
621,16780.290073308246
622,18173.999073155064
623,19768.433659748105
624,27873.870570643263
625,35431.008526440724
626,18128.335605080116
627,18763.847182331607
628,17861.079890734934
629,18778.73686798745
630,16426.56116145651
631,20304.534136694307
632,27414.26440567571
633,16115.777361344739
634,18551.840993931313
635,23101.35585790835
636,18410.542314237828
637,23150.049583724285
638,17704.468124980296
639,20147.13424986148
640,26841.534300978557
641,19795.12240769249
642,24844.968900385382
643,16324.47343671427
644,30054.074984617357
645,20517.72476177377
646,16904.154136664776
647,32429.181950724247
648,17522.613672715277
649,22063.101810335767
650,23553.360408586002
651,20171.496380897086
652,24437.802929585134
653,16152.17590158421
654,24506.529874868305
655,16779.524803181816
656,20643.987466883067
657,16272.9581119909
658,17570.885578832374
659,20212.361405164447
660,16222.167914905745
661,17879.068172144827
662,19484.302289948955
663,28694.996519931276
664,19096.09318621354
665,24662.745270078154
666,17591.417069302508
667,17845.06494358663
668,19231.4372668429
669,32379.28832142621
670,23849.315717828802
671,17230.18185617207
672,26081.163352900625
673,27389.341779026636
674,17112.81818619879
675,25093.974509330794
676,20096.999592899585
677,31156.912695131177
678,39684.98059121754
679,19211.175453036543
680,20590.29268057855
681,17468.406788103894
682,26422.661279458996
683,28138.183670880164
684,16903.76206991048
685,17201.08524369025
686,19614.18671071161
687,23775.133193105707
688,25110.80575080828
689,23002.824808653946
690,35648.630600428776
691,17457.332050187862
692,25220.865970526895
693,20483.146794332526
694,23655.819340684946
695,22996.67709747875
696,19649.235148669664
697,21972.576031055174
698,16500.62954943542
699,18932.122780086243
700,21949.753160279706
701,26725.37059717351
702,22439.499949520097
703,24652.08591949088
704,18758.073418533015
705,23485.02948824185
706,30426.56519436239
707,18818.580665223846
708,28643.745361951864
709,16190.824027563367
710,30253.1946075824
711,19124.89549822155
712,19425.715482544605
713,17442.286812471975
714,27039.69374817957
715,17053.015127726616
716,28606.081129144924
717,30028.888311443614
718,26860.8544548749
719,18778.12326133962
720,45064.793015426614
721,22478.35157365405
722,28503.37481684283
723,17012.597555301167
724,23125.67964624913
725,31975.373101675916
726,16383.11310508595
727,18815.753091840088
728,20233.10653216506
729,20132.885236720904
730,42898.115879968245
731,16356.224837889838
732,24028.815262341544
733,26371.44984408927
734,24353.40612669245
735,18607.212020911902
736,24099.389991565862
737,32544.713872308083
738,25704.07113334647
739,23851.545647285697
740,17885.25465441433
741,21753.48449001915
742,25399.277312016213
743,17211.49931631214
744,22634.793384012344
745,37866.77860328637
746,16996.497909892896
747,16501.82322690345
748,21388.479967881794
749,25222.3439049522
750,22052.79746327639
751,17534.5979663249
752,19646.819120625893
753,31999.762624295123
754,23762.51085105051
755,20772.240546600995
756,20444.15956906408
757,23834.284348814253
758,22839.40593439909
759,17251.75823891146
760,37675.705562281975
761,25307.717007007184
762,24317.70720287906
763,16546.32684722507
764,24108.79904053209
765,23491.71860122541
766,17040.788670001642
767,19951.952140184563
768,30904.46328422628
769,16728.98966861515
770,18796.169134594642
771,21119.82499479517
772,29483.8911954399
773,30862.447226497352
774,18534.913203366614
775,25652.92135691058
776,24209.67213218231
777,16581.545409058308
778,39359.19524635253
779,16306.002461904329
780,26681.636090525382
781,18168.649196180704
782,20622.140094907852
783,24039.469632342487
784,23973.225212455087
785,16358.761810398624
786,39492.83349078061
787,16959.615913717113
788,16817.336327479792
789,17810.691216671654
790,17956.62035359768
791,20462.977035208183
792,19220.74785880405
793,22396.388918539316
794,59937.683061015654
795,17967.985781482872
796,33010.86683839385
797,16693.733844643135
798,19876.061272369356
799,22643.427470138886
800,39924.128076614405
801,20983.91090401273
802,20381.604387723775
803,17152.72096219797
804,24726.392544771013
805,32166.21154205751
806,23083.975018838144
807,20317.386088579267
808,19938.333186366403
809,32344.043264460484
810,39322.26707659956
811,23941.860685063042
812,28483.270734449652
813,19013.252650860606
814,22921.023545734824
815,18298.7815729937
816,25819.57388876722
817,17162.350432769963
818,17497.51434557974
819,37368.31983709599
820,18659.09871993752
821,24415.86858163806
822,16359.330470280389
823,28443.412722935114
824,17048.343948429996
825,19544.127063799526
826,17539.745736293225
827,39367.24493938641
828,17655.971488221363
829,17527.58064991665
830,22300.110572881473
831,16853.30505944611
832,18211.39074656097
833,24555.577661464635
834,30213.162221449526
835,19098.080990800474
836,27829.701773994257
837,17684.528138372418
838,16786.23662820797
839,27953.084707580696
840,19260.079110161318
841,19586.112931564778
842,22678.70619550861
843,18769.73884487788
844,22908.38899516045
845,25471.622817369625
846,22596.37518089037
847,28045.491633410587
848,35523.6813190003
849,17062.679803439936
850,18584.738071196407
851,20661.564134936176
852,20566.470627745923
853,17000.82413337925
854,27422.402203133952
855,34236.05651067181
856,25637.6326674289
857,18005.934076941754
858,24553.97872955105
859,17005.218959173835
860,18334.40001573976
861,20901.84918998292
862,39898.97634477536
863,26786.08847491217
864,16612.764373643935
865,35821.68015250027
866,26488.831793329795
867,29946.46883253284
868,42439.107512530434
869,16343.250707063475
870,17492.407073829403
871,16347.74819798347
872,30478.58224300759
873,29087.39570984374
874,21393.624881908538
875,31318.20178162247
876,17546.1200968974
877,34857.118548916274
878,39170.55241569924
879,28994.712167631253
880,23195.019669278405
881,16664.624111286867
882,25094.952790451334
883,16158.348721461141
884,18709.624889065664
885,18765.658714986734
886,20058.97829664618
887,24941.892896757727
888,27310.09627217583
889,22361.95296802093
890,29805.35988878402
891,20518.237017774365
892,16540.789296502357
893,32253.1811476295
894,17269.74657541032
895,19362.824839161927
896,17778.774707284036
897,17488.45023392282
898,26024.91346015829
899,18991.120434521952
900,19920.7656509281
901,38580.965586608
902,32021.66945288305
903,28168.670883923733
904,31196.96238234198
905,16555.327303491093
906,22856.052755573342
907,16246.132410373273
908,18923.622924682357
909,19558.091210277493
910,36965.47830065949
911,30093.561510242438
912,16167.085079211338
913,24639.456976221616
914,17099.891056651715
915,17086.618500500095
916,25225.140342959163
917,18691.080209636933
918,20868.397345300302
919,29201.824377413206
920,23806.57680549031
921,21561.211627633114
922,17372.255276441017
923,26909.07990480601
924,25761.050485237945
925,17679.96352482912
926,24689.12287707854
927,43881.6613227438
928,21976.75811906126
929,32555.335192569302
930,17736.796107400267
931,18590.086697453982
932,41117.09507549839
933,16742.655672201756
934,28766.146780491712
935,28919.05912249314
936,16620.91315581699
937,34013.600460156435
938,33148.66796838298
939,18385.32205333085
940,20900.27452208328
941,19784.098762862104
942,27308.18755678219
943,23732.999537433258
944,16103.074637859081
945,31678.042471420275
946,18774.09914287499
947,20573.207146051052
948,18300.664620772746
949,23537.094849792968
950,16677.009708178317
951,24029.77073544419
952,37374.994468254816
953,16803.235354752414
954,19875.90783933122
955,18542.777308907996
956,16415.87756153881
957,20031.487130924965
958,36973.51071734413
959,17131.54050518137
960,24030.897054116467
961,25617.779215824587
962,30468.44196726588
963,40367.46611785288
964,26046.5720705957
965,17095.24083665062
966,35719.605716275335
967,23885.593283476308
968,83641.20159261591
969,17812.064474882292
970,26833.512535739872
971,16390.03062028739
972,25145.888869865197
973,44557.02285195574
974,17011.638430397114
975,17741.694230444085
976,16901.853920522328
977,16716.83871679647
978,25208.878844464314
979,17529.29419560499
980,69022.97798718381
981,16701.14077694643
982,18100.23257653155
983,44304.3370870834
984,31653.188064630238
985,18656.853709619267
986,20099.398486974704
987,16088.384841502986
988,20631.64584305315
989,18635.28231557333
990,23688.615590494297
991,16767.457198965836
992,29233.029386278675
993,17224.320303330365
994,18119.15211964331
995,37069.78344409566
996,16707.839213152718
997,16039.741752507234
998,26466.832028458244
999,20816.807879323816
1000,24346.734086675446
1001,35311.87900942547
1002,24485.122336730652
1003,21754.787663635845
1004,23754.885492011188
1005,26067.773995112006
1006,31850.21261412211
1007,32922.90497068101
1008,27882.106774506265
1009,17558.763774295483
1010,20255.871389445478
1011,30349.602902678307
1012,17028.736248704252
1013,26670.25582457852
1014,22208.901971355845
1015,19784.627206999336
1016,63075.08335768452
1017,23469.681277119016
1018,18359.14869972615
1019,20096.65876438673
1020,23650.540487292885
1021,17823.038865291368
1022,21513.98211160568
1023,18449.30801090359
1024,31227.01730478099
1025,16758.344692350303
1026,17065.72920332411
1027,27963.803764801407
1028,16088.233017713981
1029,38825.14672814679
1030,18307.98012509296
1031,25809.728824130176
1032,18170.874732209242
1033,16932.80500019137
1034,17739.966450739237
1035,20426.141972784957
1036,25857.626180636595
1037,17214.051940851525
1038,27844.75237359675
1039,17055.37939150634
1040,29848.594697776443
1041,25803.659147277314
1042,27514.679789515038
1043,21362.316159345406
1044,112370.94710106058
1045,18227.38633114256
1046,27644.93679086722
1047,33199.986908057195
1048,35672.86285257389
1049,28004.81613892625
1050,41010.83241666324
1051,22005.380880794553
1052,20471.823799094527
1053,24871.75854314004
1054,21646.935534891745
1055,24915.339890843912
1056,20858.786565212606
1057,26668.929219214802
1058,20851.67153720205
1059,25288.35495329004
1060,17279.520504063737
1061,22196.19256190656
1062,31881.058577611493
1063,17470.19072950465
1064,24200.66326093529
1065,53670.391679579414
1066,23352.946648999136
1067,21455.955032618964
1068,18191.09820159286
1069,18128.012474329553
1070,24059.52190871049
1071,22322.922166729924
1072,16999.098970859246
1073,24965.237212512548
1074,16696.706390424362
1075,26811.643360271744
1076,17889.149347391824
1077,19358.553041194104
1078,25806.104121280197
1079,24130.300210495676
1080,24790.759768785687
1081,31615.580136475044
1082,17210.43702822546
1083,18310.943940991034
1084,16726.914875324503
1085,17079.96969043981
1086,21014.316183712075
1087,23924.578096450143
1088,24601.11073878649
1089,17069.74582537113
1090,43584.54957796745
1091,37887.64373455489
1092,26377.742697646725
1093,16971.300130152948
1094,21716.36009800974
1095,25222.47733986923
1096,103947.41518737856
1097,21640.982369780035
1098,16158.42129730275
1099,26203.665677055153
1100,37551.13090994638
1101,42543.48922879948
1102,22591.71587924687
1103,19573.83475091242
1104,21422.414358880636
1105,40262.07205482125
1106,45270.23153518799
1107,19164.17390128744
1108,36753.74953323652
1109,23576.58336431717
1110,16451.630131419442
1111,26111.585184114138
1112,17249.96857204578
1113,18888.368598661284
1114,40803.31873126083
1115,25108.927354955842
1116,17022.134158876623
1117,16964.176583132023
1118,21975.575683930518
1119,24453.92211052883
1120,29409.353117492083
1121,30611.664259108024
1122,20885.093057176222
1123,17805.890744659107
1124,31282.154417291833
1125,20089.939431554176
1126,29431.941488788827
1127,32378.8935603087
1128,20182.80349229055
1129,18753.135514740163
1130,42305.18973886526
1131,25780.101511749814
1132,24202.9878343009
1133,23999.067384338137
1134,19594.627372866464
1135,41332.28314116877
1136,19226.69421845987
1137,57014.576771562024
1138,26378.274244819273
1139,23996.1887887388
1140,20532.666888846165
1141,16682.65228630883
1142,16997.205529073148
1143,28438.558337323004
1144,22094.69176035442
1145,34578.18301553206
1146,19545.820421186945
1147,18768.23950263548
1148,31658.63089162843
1149,49197.53006613451
1150,25727.328994130967
1151,20162.681810529863
1152,16952.853445079116
1153,17242.730998393476
1154,16787.49970381931
1155,17467.73648730416
1156,24465.507126168322
1157,17643.72842780031
1158,16728.112327214498
1159,17456.241667073307
1160,28420.85007988156
1161,26322.719781575826
1162,28339.899556731623
1163,19869.184083282864
1164,41092.06115590563
1165,20403.696162388995
1166,23774.886667305618
1167,20225.819162737393
1168,16308.385991780486
1169,17552.898723902785
1170,25101.683732607762
1171,17993.296977194273
1172,33350.45179012255
1173,138703.66434332472
1174,16437.282276328096
1175,23680.43337341986
1176,22550.965784957833
1177,29198.451815235014
1178,23154.856533897
1179,35001.43183270173
1180,19599.19245645147
1181,101469.80179596248
1182,16455.798302060604
1183,18206.73030732193
1184,33597.84728422193
1185,17859.30065073064
1186,17706.56989820225
1187,18872.453608721356
1188,18396.902821796357
1189,34958.512543681565
1190,19021.70505030251
1191,35429.410705396906
1192,26766.999837296076
1193,19366.847417182915
1194,24345.553662353013
1195,19644.218150617955
1196,18358.416957696696
1197,17808.480037022106
1198,19160.70673520442
1199,28987.526382828746
1200,19419.641852829205
1201,26912.06579516989
1202,22131.0914859463
1203,16116.754889462682
1204,18137.43285414667
1205,23125.940130621428
1206,26306.625755510624
1207,25437.71382740299
1208,22205.459121626394
1209,33462.67267834541
1210,39529.68721881758
1211,118481.50817439116
1212,16616.95911536063
1213,23912.92826793971
1214,28206.6757648487
1215,36307.53325594521
1216,31206.959278011316
1217,32713.36323120686
1218,16694.60157438643
1219,23552.46512465002
1220,39822.853112868426
1221,18491.27956335688
1222,21030.25083348243
1223,24779.028276128338
1224,30184.504494994246
1225,42823.92498676225
1226,23831.4537208181
1227,65886.04187773535
1228,20798.942184326508
1229,31811.38423379321
1230,26485.073716025658
1231,29793.067499563043
1232,22977.691940103672
1233,18793.140005743524
1234,17302.689137635098
1235,27988.436115668286
1236,17577.15538260505
1237,16141.693187601079
1238,24136.867273168235
1239,26929.379938431226
1240,26522.18275917905
1241,22896.418503679597
1242,16530.627610984753
1243,17493.193945496823
1244,18063.28895504479
1245,24103.198518377776
1246,45013.73023984101
1247,27790.281064988398
1248,16212.385399231516
1249,26093.03365922314
1250,18222.630090611798
1251,19190.91576157754
1252,19159.23456310306
1253,25465.776556535584
1254,21746.921201054047
1255,30208.503492926357
1256,16370.148608309653
1257,23458.0698434514
1258,24129.74538301771
1259,28688.06662429724
1260,16378.7669440699
1261,18653.916090214127
1262,19030.225548485003
1263,16708.294544178698
1264,16311.71914030997
1265,18065.600831454165
1266,26883.541535100496
1267,18229.144000549095
1268,27719.256253685395
1269,24584.190331025882
1270,16432.461853046858
1271,23011.078871350765
1272,16075.8852296008
1273,27031.889819826232
1274,32977.97667741079
1275,20652.63411694009
1276,33944.07832738761
1277,16613.494309403337
1278,17269.294838108173
1279,27836.12813592035
1280,17228.270185514666
1281,35251.75805004996
1282,32067.394531926802
1283,16258.654268216133
1284,16811.623642732167
1285,18706.95861812192
1286,22640.321198974732
1287,29792.85892291847
1288,16125.90366093796
1289,28438.700871207908
1290,24535.422782214308
1291,17568.383604262053
1292,44921.20563556107
1293,23681.958221448665
1294,21059.67618241138
1295,16842.876909860126
1296,32477.474265059347
1297,16703.905232571215
1298,19498.554855618113
1299,27468.267155026948
1300,19512.71523056393
1301,78181.5896169706
1302,16583.250234369592
1303,24026.43318883323
1304,16082.802236448366
1305,17091.650551038125
1306,33707.456398434704
1307,21473.28496245495
1308,16908.69951878581
1309,18796.915985042753
1310,27463.680020543507
1311,17848.38951386053
1312,17546.582766505555
1313,17518.83409757742
1314,25638.237129160505
1315,47080.2411561661
1316,42500.685075613204
1317,16654.888641508333
1318,33366.80468287405
1319,16584.942462086256
1320,21666.15694049574
1321,29111.55457462638
1322,19572.426507191645
1323,109254.06495999922
1324,32086.05602944389
1325,24168.845629655363
1326,27988.372673437203
1327,27097.469040242424
1328,26828.835855325564
1329,28718.469467475003
1330,22055.006787962055
1331,34764.4975776275
1332,26501.99894224529
1333,16094.889955356448
1334,25243.788135636227
1335,28075.833552747343
1336,30678.657274830162
1337,25808.31317959939
1338,43486.96424270429
1339,20144.91686294301
1340,42327.50764475546
1341,51752.1552173564
1342,28948.9511906946
1343,35668.91778645751
1344,19329.710202781753
1345,22230.829895352388
1346,25037.7590559484
1347,27832.055466185142
1348,21643.14298332409
1349,24877.775605269017
1350,18721.26722856211
1351,16755.329830042974
1352,27643.009272599284
1353,16636.763826284678
1354,16459.987307044517
1355,17111.144211723193
1356,23714.610134680697
1357,38090.50065588645
1358,21425.18051925186
1359,17579.153195311927
1360,19242.868458838093
1361,30760.581854885793
1362,25314.098343439775
1363,17794.89149248941
1364,16651.839451025142
1365,26863.757935170463
1366,27214.265352279028
1367,20096.526309612676
1368,28274.73396877619
1369,18996.550908888043
1370,17790.478509249748
1371,25253.06153035975
1372,16561.79978638354
1373,26535.244047120097
1374,21405.53533112926
1375,28457.112654383025
1376,26776.87953842671
1377,42778.632905149054
1378,16742.397268171648
1379,16466.90731282963
1380,20525.261955089933
1381,33944.54607169681
1382,31299.159117387033
1383,24232.308463864803
1384,17110.49618271641
1385,31740.536500197995
1386,22161.907399635904
1387,39643.7795067141
1388,17023.866790594315
1389,25481.503751721302
1390,30238.31313019433
1391,23185.269330361574
1392,24134.396425462386
1393,27953.768987924333
1394,29945.505365486933
1395,20680.74440425817
1396,37039.00112472926
1397,17338.40121298932
1398,33160.6973619607
1399,25505.947451395703
1400,36834.4233748774
1401,27030.777076143437
1402,23912.716817617293
1403,16670.409480169776
1404,21587.668610813496
1405,17770.305283230085
1406,26401.994598276775
1407,21901.116837012883
1408,16166.35250716445
1409,26313.962487661876
1410,22666.058935370602
1411,33821.954503444125
1412,16732.452133285522
1413,21677.906476015713
1414,15938.7183802897
1415,20988.07816410818
1416,17242.4058919701
1417,37862.024659982606
1418,29131.564992223528
1419,16539.560406747136
1420,18017.821523763654
1421,16592.962698630134
1422,24171.388031743867
1423,22140.45191426789
1424,18756.937684945213
1425,26407.710249424672
1426,20601.47111103167
1427,18782.686629027357
1428,32610.735773385913
1429,21465.85357417862
1430,119556.58743496424
1431,28952.485402624538
1432,27118.94264366506
1433,28732.57429671285
1434,19387.62814698443
1435,41127.10935263264
1436,23714.792030491782
1437,57376.596305098356
1438,25917.62575453392
1439,18732.14207562033
1440,16086.569540269678
1441,19876.887168985442
1442,16788.044147632783
1443,24361.71810601501
1444,28145.2366112905
1445,16568.673786905132
1446,34189.54227676706
1447,17275.024263000174
1448,17347.541000554877
1449,27382.383549875296
1450,28490.760850414736
1451,16402.07133304832
1452,24297.926480733822
1453,17150.835194489016
1454,26388.270223699517
1455,29599.34996052117
1456,28136.345238982598
1457,26892.47350975692
1458,28092.17380509105
1459,16374.352277725182
1460,22895.43373439887
1461,18344.69509296807
1462,24055.4520916337
1463,25215.12470137648
1464,18352.12033513694
1465,51566.704556148485
1466,27560.285821955316
1467,24570.262986478687
1468,17630.89076428428
1469,23956.369109890595
1470,19449.987092859592
1471,28070.241463497776
1472,27731.072272799796
1473,19442.010636950523
1474,32410.088822450325
1475,16685.614604268016
1476,42254.23752345246
1477,17971.547346688632
1478,17056.114501585907
1479,32390.758320479807
1480,16122.2089358151
1481,21550.549884245644
1482,37650.930949444686
1483,23036.549688950505
1484,23887.139871317377
1485,16959.5531035009
1486,19176.66465297414
1487,18273.487791050004
1488,26798.98761545871
1489,22166.4555848238
1490,28255.939238097104
1491,17545.496005482917
1492,19632.28999997116
1493,20567.115383964447
1494,17530.787313999957
1495,18492.723938168438
1496,27166.180517055156
1497,19260.987962895342
1498,19601.347320724708
1499,51502.95486344354
1500,20555.796073631573
1501,16618.525906810748
1502,25704.2570521778
1503,22065.52152600583
1504,16390.871379720906
1505,16917.187363775105
1506,23541.290721171572
1507,23989.83504309554
1508,20953.99844401206
1509,26222.308081382616
1510,18871.731416050643
1511,60073.74317050479
1512,24167.490758935157
1513,53765.890630729446
1514,23220.281683012887
1515,23135.574538511726
1516,41068.289085335244
1517,26409.681784322394
1518,24538.953038228232
1519,19986.897484373385
1520,24425.92468329175
1521,24876.807689815283
1522,18415.259408619786
1523,17937.8463993716
1524,18770.537881822383
1525,17714.065450718324
1526,43091.2925244911
1527,25567.48311279103
1528,25465.342072775915
1529,16501.465179366915
1530,20818.192538933392
1531,45778.86513807802
1532,17441.204242443175
1533,20839.802246174197
1534,40896.1031430823
1535,24689.232849757274
1536,16003.325290389084
1537,25109.2809537728
1538,17975.815877641056
1539,20410.81305025122
1540,16846.093577089232
1541,25404.406907755245
1542,30615.029196894648
1543,18468.474939068074
1544,18839.7494043688
1545,18072.334112364388
1546,17253.12060751456
1547,16795.91888866895
1548,17374.75356877975
1549,19264.829090981897
1550,24335.53493303421
1551,36313.584335814245
1552,25308.68389553757
1553,19297.554861685923
1554,22853.500697562755
1555,17548.318603949425
1556,29541.726499461907
1557,35570.833610123766
1558,24676.584873376632
1559,16955.348570250888
1560,18741.712598407405
1561,18278.27517962485
1562,25758.609305437163
1563,16828.34122494775
1564,96114.5489757006
1565,22134.627670986258
1566,22481.217392794504
1567,17106.83609363536
1568,17184.89730612447
1569,29151.70112735982
1570,30091.143121018962
1571,25157.653031278438
1572,25318.006770771994
1573,25644.849013448613
1574,31251.204077077415
1575,51656.81425464848
1576,16119.827394332646
1577,19800.84155397242
1578,19083.729302922256
1579,16739.150588579447
1580,26436.797175944128
1581,44726.20341417845
1582,23763.672979183746
1583,25031.114384604763
1584,32392.667857636312
1585,22751.700784063833
1586,40675.54108217604
1587,29460.43877539793
1588,18332.419879226167
1589,27783.4824101633
1590,27100.190769628105
1591,25749.60909946819
1592,18814.09867436273
1593,17337.543381648306
1594,27948.333554101977
1595,17156.52576569901
1596,36625.3775954345
1597,20604.837299216484
1598,24538.495516285177
1599,16728.86425558519
1600,24778.48345673964
1601,17949.599140667648
1602,17069.58721747419
1603,24800.56459430025
1604,16712.81615540207
1605,25889.729757955924
1606,16015.744672356295
1607,16270.212378959808
1608,38319.70571868261
1609,28529.16740293088
1610,25670.79351487803
1611,16631.507226247475
1612,16741.062609055385
1613,16986.89123556967
1614,18253.03132369148
1615,21775.907967343348
1616,16287.690457621935
1617,25846.3392819411
1618,22742.359999726137
1619,27901.938050996967
1620,27023.278842424057
1621,18308.225261799143
1622,21015.819270438064
1623,77358.2017080931
1624,27363.134652100318
1625,20362.758759694214
1626,18110.889954203234
1627,18053.726440782524
1628,17911.907042429375
1629,15943.997617959649
1630,17241.971288464287
1631,25233.622964939896
1632,27902.395329785988
1633,17570.594855501466
1634,22711.00173263085
1635,22378.309260330974
1636,17570.59953264227
1637,17458.83016480717
1638,16705.350502713416
1639,20023.26166058397
1640,45461.81734768677
1641,17322.520175164973
1642,17990.3428251047
1643,38773.26541866356
1644,18435.58306305506
1645,19762.6149718247
1646,17793.18584314601
1647,16985.22374482178
1648,26364.822230931462
1649,25965.689726400426
1650,18954.075866025352
1651,17683.319379256543
1652,26192.469703880215
1653,19223.491083227505
1654,16217.080014072613
1655,37547.190034222
1656,27723.850257084545
1657,20572.461693603705
1658,22484.286347852456
1659,30680.537595165944
1660,17240.776721267204
1661,21152.54419138102
1662,17267.249219954618
1663,20045.6338421043
1664,22853.06719209205
1665,20961.96988882586
1666,16981.270922387426
1667,28841.791913447676
1668,19434.353051578215
1669,29072.09882739499
1670,19375.612673109033
1671,26068.86113994812
1672,16513.111783530367
1673,28331.524081729392
1674,24099.841263717364
1675,22098.999519264424
1676,38743.926977587755
1677,27940.28280490455
1678,84283.84487078113
1679,19610.823470507057
1680,38682.23098389004
1681,17700.637078823416
1682,20284.57276077139
1683,19042.931111447564
1684,23434.67834367465
1685,27305.050350894748
1686,18699.943582438573
1687,27532.786630104027
1688,27913.110405385556
1689,25426.074403182814
1690,21186.44927365118
1691,30681.354865723813
1692,16898.89125990415
1693,15991.531267907638
1694,33564.47631243953
1695,35872.620883908545
1696,18396.735212199943
1697,29975.47091874623
1698,17281.692102648427
1699,19520.212780468293
1700,27450.73314145131
1701,24582.64148690914
1702,18224.67075932644
1703,29388.34872543603
1704,21919.099326840475
1705,22737.558714359482
1706,24299.336043451913
1707,24252.249136845425
1708,22721.24552942699
1709,16447.220392475865
1710,30961.00190368396
1711,16973.416413511128
1712,24917.8274878753
1713,26705.276612108675
1714,25075.065449448517
1715,39414.33229766163
1716,31970.24736324966
1717,19773.12018486072
1718,22948.379153795548
1719,17903.381887830623
1720,23872.05271019148
1721,50915.10013411017
1722,27543.321063547257
1723,25098.48327262047
1724,17308.092385768363
1725,16616.635459544224
1726,35915.241321820555
1727,20071.661315373833
1728,23871.407510456975
1729,17203.625720648997
1730,24599.792887063722
1731,17587.0107484886
1732,19604.53835568403
1733,23721.370180751765
1734,20592.743160474507
1735,26740.217771229014
1736,16543.89338502798
1737,17607.76184990538
1738,18924.361219029855
1739,18806.202251079554
1740,16820.32464859434
1741,29977.791497522216
1742,16982.68277725146
1743,28972.74508478689
1744,30588.128412040194
1745,34728.64191253246
1746,19843.963605912053
1747,16346.282495621443
1748,21027.079880257537
1749,17921.089730169297
1750,23875.997089116212
1751,17699.28073202008
1752,25103.768691120793
1753,17191.78478422009
1754,38499.523147505315
1755,19826.659561996174
1756,16579.106675857493
1757,32579.310547386638
1758,32631.114085925557
1759,16777.327292129594
1760,18794.12263212368
1761,20975.16805318995
1762,19280.40195095792
1763,20159.59478579473
1764,18759.467597517196
1765,25370.25217176425
1766,18667.00976442179
1767,27629.90616999385
1768,20102.790457841635
1769,17211.16132128355
1770,41810.94877058421
1771,31732.10417399455
1772,27569.893211282906
1773,22972.21579237464
1774,39213.13324381381
1775,24022.95860209167
1776,17526.803482693016
1777,32480.28786456978
1778,17795.90229074946
1779,28639.64019199105
1780,19597.12184475177
1781,34255.93693120879
1782,19098.229632755803
1783,20556.411924904467
1784,25246.732505769858
1785,18873.328965008197
1786,40204.331239877036
1787,42063.90233775647
1788,23483.22046584687
1789,29309.466307123952
1790,17065.126578445423
1791,16399.052093764345
1792,21193.53876677669
1793,27806.846435211526
1794,16674.719567944907
1795,19302.137833279463
1796,44035.386207868156
1797,37019.43860939323
1798,25106.015131980956
1799,23628.891882337863
1800,19878.874768569727
1801,16824.704671038333
1802,23739.44673188387
1803,23276.70622564105
1804,17303.560733650866
1805,54823.48676328106
1806,18127.86652694477
1807,22629.659058335397
1808,23033.203800744537
1809,24191.08527004056
1810,39848.30618547382
1811,19780.055802167753
1812,17055.04273902592
1813,31121.98290295616
1814,35058.26641494686
1815,25966.64820669533
1816,18936.86509813599
1817,35717.550974521655
1818,20743.76426318869
1819,17046.444302680684
1820,31103.044894418916
1821,35462.207912437305
1822,17640.355899336777
1823,18774.286632483505
1824,26574.971527581634
1825,26879.75223375204
1826,17489.87774957803
1827,19157.245810920336
1828,25917.972692964395
1829,18864.88107414254
1830,18162.45471074614
1831,21762.571919980346
1832,18561.38037064173
1833,24887.188734113664
1834,16859.59621624583
1835,18681.335164308468
1836,16178.688590560261
1837,16412.18765753034
1838,16538.891020734154
1839,16102.452421067846
1840,22014.669514102552
1841,28695.879766636772
1842,29706.304538159842
1843,22740.0737936904
1844,18844.213531061832
1845,16921.602969024603
1846,22879.66423928472
1847,19312.914411103615
1848,21021.274589646542
1849,17613.22652557189
1850,18937.16995011263
1851,16329.575246412494
1852,17812.46388261876
1853,48351.59940642193
1854,24190.519997994663
1855,18535.866476080766
1856,35040.58337743377
1857,17089.66113981897
1858,33770.71079418782
1859,16591.7714106082
1860,16889.004467864408
1861,20852.366891797377
1862,17902.561663762648
1863,16687.4385578815
1864,19591.68161120562
1865,16751.69656858525
1866,22464.63485041124
1867,38151.36895186399
1868,25254.12195311518
1869,24364.17694452057
1870,16440.67399499666
1871,16593.242046587486
1872,20664.56321247938
1873,28846.329730852944
1874,17419.164643573742
1875,21294.588622472736
1876,30090.37764906662
1877,38027.619363965096
1878,16320.09992944932
1879,21073.608679898236
1880,22344.023406500604
1881,21649.797871834297
1882,18322.339412079993
1883,21466.365153157825
1884,17268.688662260218
1885,18799.743395508172
1886,26283.255237555597
1887,19487.01997090144
1888,29519.845934055436
1889,23486.328126968372
1890,17429.27174786496
1891,32664.878613240886
1892,20195.15753135126
1893,36722.63223727011
1894,19824.753309109947
1895,17582.50785395161
1896,52940.787717037674
1897,25328.077336439757
1898,25888.83095424958
1899,18397.112540321265
1900,23224.380889524644
1901,17347.95338021092
1902,21737.048744148477
1903,36523.40398279635
1904,48998.8832007432
1905,38763.940040869056
1906,18924.993200554247
1907,24609.205940327065
1908,17866.676138762872
1909,30950.876132832724
1910,23117.052995369857
1911,23248.07042223395
1912,19494.355297115988
1913,18240.334845179455
1914,20910.07579098113
1915,19562.251761906824
1916,21900.04315316454
1917,16241.565002575117
1918,19571.92985989153
1919,16257.628549328172
1920,18808.69727789733
1921,18408.969635679878
1922,20444.65229635159
1923,17132.22982335373
1924,37785.65081490182
1925,22680.403698872666
1926,30049.84401619248
1927,19265.34150347036
1928,44817.117012816976
1929,16345.508502848756
1930,30146.033371274636
1931,23168.98037376502
1932,25081.874665687792
1933,25111.871153051536
1934,17263.531507821466
1935,19553.16327028583
1936,21086.891185543845
1937,18625.66738625381
1938,30147.71136746926
1939,22757.68556795519
1940,26792.163758327984
1941,24722.095563481715
1942,17971.936033876907
1943,23463.712092863454
1944,31844.630849659807
1945,27209.750423004676
1946,15992.072750493211
1947,18818.40738261534
1948,24915.52936738125
1949,16579.844409555317
1950,51137.71118332672
1951,24545.8702444217
1952,17902.47157379587
1953,24014.726018179867
1954,36274.63796769369
1955,16588.6129349022
1956,18926.23865333922
1957,24628.46647940949
1958,16943.93279360171
1959,17773.966466193244
1960,27109.26507233959
1961,19467.281396972536
1962,36749.339258576685
1963,20049.88092241798
1964,22697.199568648815
1965,16034.923831760118
1966,20974.409731737265
1967,17663.57367684912
1968,23329.014466752553
1969,35108.828311333345
1970,16451.49928169239
1971,16795.958300999257
1972,57055.847984156506
1973,30611.706915445728
1974,27980.844509909417
1975,25010.12352022084
1976,16026.57966654497
1977,25082.352226631006
1978,26260.597079232266
1979,18444.822289136584
1980,23909.85905021271
1981,23786.393388614553
1982,19262.51980253011
1983,22532.013139243245
1984,17434.834778511035
1985,24451.11370499392
1986,24135.435843008217
1987,34271.762236066534
1988,18572.01264154141
1989,18613.26909909879
1990,16009.843627381233
1991,18019.188882258393
1992,25741.180724551094
1993,17184.867069066175
1994,16417.726139950508
1995,20929.876826614993
1996,21489.657246596056
1997,19972.93473602229
1998,19859.559252407722
1999,35517.71130076842
2000,22492.976116366168
2001,19083.24962586453
2002,20230.26878600398
2003,19356.301973010057
2004,24142.242115292524
2005,22831.76543892259
2006,22195.789194260316
2007,36566.25119293663
2008,21839.344934901797
2009,24498.26362541472
2010,17135.304382661852
2011,17776.018612207106
2012,40446.666915119975
2013,43568.69054277583
2014,25392.918965600926
2015,25189.74896423791
2016,35414.87969995011
2017,40658.889826983825
2018,28895.87994241861
2019,26399.82734673858
2020,16269.905946060051
2021,19839.29606347561
2022,17915.952163837337
2023,16945.243289897684
2024,20942.464793736024
2025,16895.074075624787
2026,18637.77673112311
2027,24849.886522909146
2028,23030.310275004653
2029,16702.20242069986
2030,18047.614460787063
2031,21419.54648616978
2032,36683.08951500273
2033,19491.50451557021
2034,40199.12177844321
2035,42996.33755258554
2036,21015.635788719093
2037,22195.481545547547
2038,19586.31912161669
2039,17368.369520421165
2040,21615.594413122002
2041,23557.17166231499
2042,32007.937616281866
2043,18032.087990751912
2044,28972.984812001254
2045,30269.477969829215
2046,39462.311461974634
2047,35591.79541096991
2048,17377.959207724034
2049,19655.046304997268
2050,20415.262427631584
2051,23317.88931614436
2052,22448.58203139843
2053,25673.850067574956
2054,21322.106691787143
2055,16471.132337476378
2056,22484.40734588371
2057,20849.982947289907
2058,20820.173815778384
2059,16164.418999200225
2060,16729.901990078088
2061,27109.38962076266
2062,18376.37604150547
2063,26023.374182383446
2064,16759.253849989564
2065,16410.339649945992
2066,25781.75227520484
2067,17907.203561427497
2068,28924.817079247223
2069,24503.047362709494
2070,36870.992501516565
2071,24185.647573316786
2072,26133.738604731963
2073,23796.92040222359
2074,35560.39525633312
2075,17231.03948847484
2076,43787.08150473813
2077,25981.665863732167
2078,16422.3425772532
2079,18196.064155664466
2080,16807.872579574
2081,66588.53156056697
2082,18269.219548552537
2083,25028.486416341526
2084,19200.816811838118
2085,18552.473748030596
2086,26778.99549519293
2087,19203.909630180544
2088,40977.42806277327
2089,17220.980001827575
2090,17497.630001442412
2091,50946.96299231346
2092,21864.979345078875
2093,18518.78713141142
2094,15935.59775423031
2095,17200.30405289515
2096,21651.608933676554
2097,31427.13214043605
2098,16113.819699470081
2099,19146.37242387279
2100,18575.552005559526
2101,19731.964942657112
2102,33259.81821661682
2103,24790.276583846637
2104,19776.469910308617
2105,18564.122515204264
2106,30595.07663649142
2107,20805.462761584815
2108,23900.434541641338
2109,19512.074674177933
2110,27850.522951556854
2111,16171.336242359137
2112,44402.64231102128
2113,25506.972667683105
2114,33121.44547080107
2115,30617.652873154686
2116,20458.61324341487
2117,17723.44616655017
2118,16795.961849714193
2119,24360.825124440235
2120,23763.220695373802
2121,22519.921018678055
2122,24501.127846868014
2123,20902.427025600216
2124,17314.529610004764
2125,17254.213959256296
2126,19133.65552994102
2127,25798.017805698662
2128,16769.15423441989
2129,37542.637370351746
2130,47814.714746017016
2131,25699.6385004766
2132,31683.4475059444
2133,17791.769893476012
2134,24676.19009052281
2135,25565.52578541269
2136,17661.16937030181
2137,36664.1743759584
2138,18293.66215185231
2139,51283.22480683775
2140,34059.76955712304
2141,16156.625809373818
2142,18366.948525570282
2143,23048.952127256434
2144,21761.444570530537
2145,25199.901781675784
2146,31542.184016809413
2147,29911.80287505837
2148,24730.983968129847
2149,25693.133521558233
2150,37220.312536560436
2151,16513.643045463432
2152,21130.760912655227
2153,23946.61466669103
2154,20952.766845964874
2155,40696.566062806836
2156,17341.53727583062
2157,17948.87038508621
2158,16864.496638666744
2159,21931.13135401999
2160,25315.221521041305
2161,38034.71553760862
2162,23468.045959776726
2163,25986.587249767967
2164,16424.744597985744
2165,27485.040441871424
2166,22454.810770862052
2167,34550.32035214144
2168,17018.21433441979
2169,28149.607664643318
2170,23618.42360049176
2171,16858.048450700986
2172,20966.72170849371
2173,23271.40462599779
2174,27675.70354548066
2175,22827.197529833422
2176,17351.615859307574
2177,17585.123494864
2178,23560.864530847284
2179,23924.54923142903
2180,27870.21942586627
2181,24078.34773983567
2182,18359.25694389393
2183,18223.526506279217
2184,18792.974570072307
2185,18928.85231035524
2186,25246.23745484395
2187,16963.840607613718
2188,27373.019045522135
2189,25107.889985978447
2190,25792.96864627022
2191,17003.858386952066
2192,19073.470009295754
2193,25652.151314267645
2194,19070.95232850166
2195,21566.84545368179
2196,23926.003077291058
2197,22088.649245675242
2198,20966.402819140396
2199,35288.78664389551
2200,30106.283501661055
2201,23396.417273249474
2202,16716.0296592552
2203,28271.562695279972
2204,21086.25491458238
2205,16514.339988184238
2206,105153.5668786378
2207,25446.41414343046
2208,49475.030254570454
2209,23190.220370616124
2210,24638.431908976032
2211,33504.42215506209
2212,33282.29711893662
2213,26613.075737747447
2214,21046.65840803667
2215,16177.099551841438
2216,33429.88219587381
2217,23435.00653956277
2218,17083.28176206653
2219,18363.741931079832
2220,23835.246975360093
2221,23381.43198044419
2222,16211.57573067478
2223,30530.8684275813
2224,27135.94121280746
2225,17287.32469967358
2226,33290.808957286805
2227,18567.97520320448
2228,17521.19102005316
2229,35134.548065282186
2230,17309.80877371522
2231,19248.056681954127
2232,21826.419110297633
2233,18041.140125982787
2234,16769.740303980572
2235,39644.996779284775
2236,27389.235893987217
2237,22634.388048672194
2238,18271.4279710446
2239,16526.317750611335
2240,16365.198702453403
2241,28205.36652823179
2242,20509.825884387945
2243,31514.991253849905
2244,23573.267760047114
2245,32725.151751316036
2246,23195.2373448161
2247,20043.197447498835
2248,17551.095751348417
2249,19066.345025760504
2250,20987.98214941399
2251,17816.409304802608
2252,31230.991741752245
2253,25028.20888180117
2254,23387.64995716295
2255,18298.062638891268
2256,18696.12714604203
2257,17299.241921805053
2258,51517.93677205567
2259,27627.956313853152
2260,44204.79126331723
2261,18150.697890037598
2262,51457.73033064907
2263,21594.313696676356
2264,17889.94252917233
2265,19181.91340982064
2266,66779.34373470244
2267,18262.273138695466
2268,17154.665219090602
2269,23657.847428214136
2270,19646.796720120765
2271,17834.498982277335
2272,22424.749551928482
2273,19233.152928842846
2274,19506.587612525313
2275,20249.56461006266
2276,17132.14621695537
2277,26705.675480297534
2278,17739.06097309348
2279,63401.907804697636
2280,17175.519997510968
2281,21973.033824072358
2282,24515.382203767796
2283,26652.21772452615
2284,20484.778332191647
2285,25599.962886833615
2286,19471.8264764534
2287,21929.693537666055
2288,24092.228769322024
2289,16582.33284050152
2290,18302.66689215173
2291,21350.28588218102
2292,16814.937580134825
2293,21288.047702753745
2294,28824.809659805916
2295,20178.226722515476
2296,17019.76213174189
2297,24681.9896975328
2298,28587.339841758585
2299,24016.848645029422
2300,17515.41464974919
2301,18026.030950851356
2302,18803.761835608344
2303,18263.714579730964
2304,33146.589861028704
2305,25995.069668102846
2306,24553.271266026582
2307,31065.52996621265
2308,35223.83931503704
2309,25857.08704319683
2310,23608.622506823667
2311,17743.35153720709
2312,26976.50062788628
2313,22508.53295115874
2314,38063.432572313905
2315,25326.88187181048
2316,27283.23149407333
2317,36284.272424369534
2318,16432.143659802656
2319,39998.199876524806
2320,29769.834777650045
2321,28047.40378048672
2322,24481.916117212546
2323,29134.278844845543
2324,16696.87118475233
2325,16338.072570334141
2326,26339.766448338898
2327,19313.72777834308
2328,19713.167420499794
2329,34368.100553896846
2330,42740.471259032434
2331,15957.845068905377
2332,17987.25877476349
2333,44756.75823894272
2334,31170.569499564364
2335,32406.71741827667
2336,64066.78914853938
2337,17857.785955713327
2338,17800.25144323163
2339,39639.578443287726
2340,19994.741083454403
2341,28369.940968730873
2342,21466.593620041174
2343,18186.670926032944
2344,16677.862029258045
2345,20660.141432561595
2346,45656.75060872025
2347,16233.424944462746
2348,18593.15327130805
2349,17249.070023075776
2350,27125.319372539594
2351,16437.04915323412
2352,29979.923598660756
2353,76254.24308346065
2354,20488.744382392302
2355,22185.14196337107
2356,21675.392090953916
2357,20543.207461183687
2358,38704.62264453067
2359,16602.017009708583
2360,27001.237494792353
2361,24194.326435379015
2362,18926.908055264816
2363,16124.49294098675
2364,25937.2011490386
2365,37412.21142055606
2366,16813.471196691688
2367,16581.060919994434
2368,28354.881047944535
2369,25852.56831130544
2370,35404.180298059844
2371,15982.501637004778
2372,40405.30658290728
2373,26931.622311061168
2374,17227.13361752274
2375,25632.80044281265
2376,28881.24559087561
2377,32581.09285596363
2378,25217.224743179413
2379,26006.634328890766
2380,16021.50827915376
2381,35161.19764752461
2382,19178.24303885003
2383,16464.24648200903
2384,16900.772577124357
2385,22772.21565928615
2386,25577.819052787392
2387,18728.047849417435
2388,23871.521867684518
2389,33288.57892998272
2390,27759.906119255
2391,31338.202721391004
2392,16803.849454156694
2393,17216.203101233914
2394,20111.600965922364
2395,18334.01961009243
2396,16665.43730316515
2397,16780.600282444415
2398,32572.778970135943
2399,32526.54484604589
2400,21675.915568644334
2401,30032.051053060466
2402,21021.711949970373
2403,16618.00911227121
2404,27842.989825539247
2405,18864.228950682736
2406,19494.923561356558
2407,30988.407669573273
2408,18556.951709938498
2409,21444.44740533993
2410,39807.785473342934
2411,27647.259381259453
2412,26733.41142100703
2413,44074.47293361412
2414,19640.65349272718
2415,28867.96880880119
2416,17157.289302668993
2417,26809.681785757504
2418,17340.141065042764
2419,21218.0628219476
2420,20830.675163572134
2421,23371.23887172757
2422,19616.221708900568
2423,20355.994505816787
2424,17199.680890927943
2425,17160.04919518575
2426,24233.19826903307
2427,16473.540019502372
2428,16046.59193717135
2429,17373.784166157413
2430,16288.263675333219
2431,28824.907643780163
2432,20364.491107855138
2433,16767.25359320854
2434,29455.49588873938
2435,20715.84772401089
2436,20933.118688671013
2437,23162.393466131813
2438,37361.59390116651
2439,17625.054827333734
2440,20788.896369269583
2441,20219.33855274776
2442,29050.395048098377
2443,56680.047592067815
2444,32561.379993615723
2445,35962.35820086364
2446,28313.428971175723
2447,82230.99057036237
2448,20772.766484143867
2449,16996.977703511235
2450,16226.03925186602
2451,22874.275105998684
2452,16779.832952596982
2453,34252.14628788488
2454,19455.54613329507
2455,26700.604078041495
2456,19884.164198397928
2457,18281.888485721443
2458,19221.476456947756
2459,19987.01300083263
2460,24877.522496446298
2461,21061.33301869391
2462,18659.6056423246
2463,16030.096007694543
2464,24958.649098536902
2465,30966.47363929551
2466,39440.287573184825
2467,21463.665243796808
2468,19608.40795645435
2469,33500.68940908607
2470,29008.570180052462
2471,38607.172105870355
2472,16192.892253241604
2473,17112.169355346723
2474,30843.74787162047
2475,20613.94138541499
2476,29333.593303700185
2477,16895.871641553967
2478,26151.24798773881
2479,17839.27841504876
2480,23764.29700904351
2481,25059.806677872257
2482,27543.377086278
2483,29910.262439380516
2484,19513.491283569063
2485,27496.305312729724
2486,19004.275432237657
2487,32463.22720803763
2488,42161.31023846379
2489,23623.23361944658
2490,32311.050153199663
2491,53479.93005914075
2492,20763.33095137449
2493,84438.46278847431
2494,16255.829181331532
2495,44240.638563816006
2496,23228.57367385326
2497,22571.235520335023
2498,18118.256477293082
2499,18573.6511076602
2500,26944.30735929925
2501,22813.96790567327
2502,15935.781403812918
2503,37378.837319026265
2504,19302.886863659514
2505,15971.866256413916
2506,21552.123408721236
2507,16215.113023657952
2508,18051.023363993016
2509,55059.24711822995
2510,19689.212055713655
2511,19354.062368971274
2512,30867.08261091289
2513,18185.066089551998
2514,28118.090430953755
2515,17508.653671849865
2516,39258.787128827185
2517,16409.549008233975
2518,24300.794910154833
2519,17856.306774419598
2520,30647.809693765485
2521,26802.423567020473
2522,18755.603476497043
2523,27164.221662954278
2524,42191.5191313328
2525,35834.164656418885
2526,18958.448970355712
2527,38459.15064920606
2528,28043.158271069886
2529,20137.892489574642
2530,39965.41019347108
2531,19701.75194280091
2532,16685.963048589107
2533,16861.362362409614
2534,17211.683670470615
2535,20402.700318366904
2536,25840.49661186203
2537,36691.265057534896
2538,17585.30177705674
2539,61582.87176681785
2540,23972.011491821017
2541,26644.20129327797
2542,16726.427850207023
2543,26208.64004676038
2544,17866.80435021567
2545,16076.186907575968
2546,15995.895427391646
2547,16875.544750241985
2548,35730.58775453321
2549,19447.394462039752
2550,70855.08782566332
2551,20505.462668441654
2552,24873.202147918622
2553,29523.573443145055
2554,16689.774800366384
2555,17773.62553128708
2556,19434.230812634232
2557,16428.563477002728
2558,17009.304782498144
2559,18929.41937102425
2560,17224.648818410456
2561,30982.446458893646
2562,41512.86781417692
2563,22638.25854419366
2564,19040.404532042718
2565,20477.518293126537
2566,16279.048327956367
2567,18595.74754919384
2568,29036.38380560894
2569,19440.609580320797
2570,21087.37480142204
2571,22538.71705990949
2572,16819.882293144332
2573,17289.327015770046
2574,33375.52299591703
2575,22420.559326141138
2576,27611.368944076836
2577,21466.292025657902
2578,25080.081648982097
2579,17116.029511602646
2580,33917.98849516795
2581,18785.924668755433
2582,26775.61769714792
2583,19471.8264764534
2584,26631.143818030014
2585,18765.97567219411
2586,20381.931464063193
2587,28373.492046291343
2588,26250.135967313247
2589,16742.74363630171
2590,16977.72689633838
2591,21833.86399703812
2592,22738.896205075787
2593,25648.002929386294
2594,19593.289078182737
2595,22830.04630102242
2596,27530.191452692714
2597,17769.979236676114
2598,16684.796352149977
2599,18207.979117438823
2600,21932.032817196377
2601,18737.034815577492
2602,20069.603127640527
2603,16238.760242639506
2604,21806.033069314562
2605,17796.390374427454
2606,17889.239026593128
2607,19304.764287458638
2608,23615.78150539934
2609,21425.141574591657
2610,30224.496066149077
2611,24197.27660582726
2612,17097.48152533263
2613,16348.089404443392
2614,17152.7095047064
2615,18656.233160117128
2616,21025.45288131891
2617,22965.962886588037
2618,27788.730674581944
2619,54577.26049370511
2620,22758.402689094313
2621,23372.3263358429
2622,24040.082105041678
2623,16257.29972514331
2624,55299.18475574767
2625,18481.11781428638
2626,17944.34736175638
2627,21967.987390083712
2628,28264.281134856697
2629,29050.662219105896
2630,51065.304430249875
2631,16701.100224440284
2632,22312.796383533492
2633,16137.980563734305
2634,21426.510777214895
2635,22344.549190300684
2636,31518.39945155717
2637,18879.84869721821
2638,40058.69984662721
2639,30891.174999936244
2640,31246.134480362787
2641,32643.211379756263
2642,17130.932608985622
2643,20005.823430574193
2644,46917.42428134047
2645,18267.104849418352
2646,27296.973575461874
2647,16845.896448406125
2648,21966.97583501023
2649,32742.452265443244
2650,30875.683233709635
2651,28943.856565723574
2652,36857.623564534806
2653,26822.164050874897
2654,32938.30044301493
2655,17879.673546479342
2656,31674.661151690263
2657,27405.40074170747
2658,28700.42643227744
2659,15995.834330987824
2660,35560.276772207464
2661,43846.68950814199
2662,32659.490842410458
2663,40011.73418835194
2664,16344.867647758838
2665,49920.841874935926
2666,19498.958037588367
2667,21108.739765866187
2668,33749.73594533722
2669,28851.78234446377
2670,16727.22467927804
2671,18359.45306834904
2672,23533.597889260403
2673,16135.077410812974
2674,36647.987664419765
2675,30822.607742429616
2676,29970.277533142173
2677,20108.333112471573
2678,21307.179838788856
2679,36020.043519235434
2680,33741.66385278654
2681,16736.020783532338
2682,16381.199916381876
2683,26537.125877714072
2684,16841.59240546517
2685,16400.42552322809
2686,16575.17761656409
2687,16464.72859510745
2688,22524.819662613787
2689,24538.21744183874
2690,16942.35920050811
2691,20366.64890471128
2692,27212.816799430326
2693,16388.207423897384
2694,37843.94253462178
2695,21258.00604902856
2696,24470.12842516658
2697,27344.076796046505
2698,35052.63668770847
2699,16061.386423440274
2700,22869.16281968274
2701,19922.30615192893
2702,29896.979708963314
2703,31941.81585613011
2704,18989.519055141624
2705,26443.715410932728
2706,28008.61414292055
2707,32095.71446318138
2708,19916.418866231317
2709,16206.138632380382
2710,22310.736155561073
2711,19373.372737815138
2712,22611.617129763148
2713,19507.046175754083
2714,26988.393603565586
2715,20824.28839420026
2716,18438.663265186246
2717,24439.065758021516
2718,27652.146437435153
2719,19397.5475648447
2720,25645.62028970132
2721,33867.76178192541
2722,30539.168547222573
2723,36153.44611007068
2724,18404.57718581792
2725,27750.43682658381
2726,22078.777518613322
2727,26607.766624926935
2728,16671.263400542648
2729,18259.0936039389
2730,17618.39793606097
2731,16742.505560564092
2732,18438.772119910493
2733,16010.649467007557
2734,23423.926741348427
2735,23558.551889796818
2736,17324.80393739605
2737,24596.549299529957
2738,45337.2891759
2739,17160.512744068026
2740,21446.929407090312
2741,18449.196586196183
2742,24342.465991729594
2743,34747.19306081188
2744,18557.32650424647
2745,27257.892626288554
2746,16966.240350983164
2747,16298.473573370857
2748,36017.01292842923
2749,35520.6331375381
2750,26489.714777595487
2751,17849.308990454734
2752,26134.221202627105
2753,36756.3590536464
2754,26766.84394866301
2755,17022.379244002565
2756,34478.38366766664
2757,16783.893962920174
2758,16601.10406078471
2759,31236.436103789307
2760,17220.92651620029
2761,26091.25750873513
2762,31385.70513849929
2763,40262.7720062545
2764,17271.476074502723
2765,25193.847025658393
2766,22918.68181835198
2767,18969.560656711987
2768,18942.791124866893
2769,24450.692343089664
2770,19129.68229228072
2771,25939.586215560594
2772,24373.38689422955
2773,32613.00721200527
2774,22806.850535746682
2775,19613.2729702723
2776,39167.682583771995
2777,17858.11882950819
2778,26250.38416157646
2779,39048.47118982125
2780,18257.603734687014
2781,17323.44373503411
2782,39777.036467258295
2783,18859.447099344365
2784,24226.704410478116
2785,55186.242672117165
2786,23105.97927873896
2787,21155.25117905139
2788,37646.11714739307
2789,56918.599511139335
2790,20973.910700685632
2791,18754.05999890642
2792,21951.99998148125
2793,16299.515265045946
2794,17177.861267015076
2795,26735.698433592395
2796,19049.830187265776
2797,30800.599293835272
2798,18264.592643161806
2799,29316.78138051628
2800,23098.79144755654
2801,20885.394148092248
2802,17133.637325266078
2803,26847.348167725344
2804,22968.07200090274
2805,26411.59213464698
2806,22600.023067325776
2807,17395.280178664467
2808,24302.064174081243
2809,24713.766696792693
2810,18436.530700422467
2811,16581.230882002048
2812,26523.27821244479
2813,16408.079299049525
2814,22453.699534082487
2815,20849.700964918196
2816,17195.15762358452
2817,16935.94225016671
2818,19836.003687539807
2819,16224.465604663264
2820,31618.59651180275
2821,18561.856198880872
2822,26833.626876010298
2823,23779.09212660845
2824,19248.48674530205
2825,26511.96344707037
2826,23979.365042203677
2827,34135.8512297085
2828,28055.744734539912
2829,16681.25002286912
2830,43798.093433710455
2831,36584.03025136898
2832,27925.02661541448
2833,25813.307521076124
2834,21472.944434455647
2835,40316.85496565192
2836,18386.760184426206
2837,17234.62397829314
2838,26516.01590917338
2839,32604.97086671982
2840,16698.709189858593
2841,30497.011187532058
2842,26962.10966973562
2843,17776.927026853133
2844,23752.43504444223
2845,37422.59714994672
2846,16827.982531595073
2847,16361.190338499273
2848,16606.269974839382
2849,23738.98996415947
2850,18419.55749750988
2851,17365.30786587682
2852,17548.52597212036
2853,18452.51973823089
2854,35231.04015870164
2855,44350.77196780147
2856,34161.83975485155
2857,27353.230963036676
2858,20911.750719031188
2859,24085.852959831493
2860,19023.344156080955
2861,29098.555891587785
2862,34963.13034011281
2863,16441.75311421241
2864,26556.17529280923
2865,55418.405617132885
2866,32137.640876589947
2867,38253.28043910842
2868,17304.313763973565
2869,23790.449204282886
2870,16600.387734830303
2871,17057.56197754344
2872,24799.90007195801
2873,22789.28867180518
2874,27339.26405188534
2875,19455.105039504328
2876,16700.015944344283
2877,31449.35312881093
2878,22906.280488966382
2879,24704.99082894387
2880,16579.678961353624
2881,27240.369455220025
2882,20228.304804853175
2883,22811.19276889389
2884,25927.982130741304
2885,31818.288327377184
2886,127142.84581798557
2887,28250.808681453567
2888,39505.26645715613
2889,24817.674251504126
2890,16945.669699463728
2891,18103.497357278447
2892,25124.022311946253
2893,19518.949668769885
2894,39753.87668830223
2895,24589.09821323253
2896,31490.633168169166
2897,33598.25132982384
2898,19980.33906742566
2899,18590.940592786017
2900,27001.16073701882
2901,28572.561239921535
2902,19176.446930534403
2903,17666.33129547155
2904,33805.19497632343
2905,28647.33989906831
2906,76845.3719930778
2907,19274.93985062631
2908,24614.96096081644
2909,17225.095686755936
2910,16458.82574877528
2911,18078.34911459843
2912,20607.33338440485
2913,17495.350655026734
2914,16259.074871483772
2915,28768.52946232609
2916,21580.854692770976
2917,19801.865829042225
2918,20815.382926726445
2919,20657.66057190228
2920,17213.670162337257
2921,25179.567872788215
2922,27320.42900854032
2923,17350.01771941453
2924,17000.461643570598
2925,25295.72491776174
2926,32113.95662817799
2927,38460.066641530924
2928,19721.285251883844
2929,17154.36321367138
2930,21343.673721887557
2931,23764.654236715996
2932,21120.377028981613
2933,20638.258145695938
2934,19132.885135101507
2935,18581.754051433745
2936,23381.630675106968
2937,27078.456477023374
2938,24396.21398648652
2939,16915.465596266542
2940,24749.181007251143
2941,30337.306263660357
2942,27124.130413066523
2943,20674.27932969469
2944,23216.558547320477
2945,44590.81541404135
2946,18036.567941883994
2947,28628.022021568286
2948,25003.975564328717
2949,16594.667943155782
2950,28238.239517123337
2951,29708.121358016422
2952,23605.432052581447
2953,37287.927016949594
2954,18776.385114139273
2955,17017.801347571272
2956,16686.063295951702
2957,27124.41690088986
2958,18441.79675636363
2959,16814.296274850247
2960,25389.18774207219
2961,26602.783310534676
2962,22237.825834942236
2963,16723.822382210637
2964,22751.454731710688
2965,22983.21516284015
2966,28819.544452292437
2967,28085.733730666838
2968,19301.91398637128
2969,20242.421123088592
2970,26877.706721631454
2971,21032.098231681637
2972,26462.01538089748
2973,18289.225259677878
2974,17249.77686013019
2975,23991.138921016092
2976,32402.84502072492
2977,27940.60853502593
2978,17461.613800032894
2979,23076.245588238275
2980,20697.04381837798
2981,16121.347608671944
2982,32050.134333909766
2983,28321.440531423636
2984,19653.610552857313
2985,25227.918563427425
2986,19577.761903634553
2987,20136.661462557888
2988,32521.489220723182
2989,17782.042801218075
2990,37497.62923557325
2991,19534.063588510267
2992,25031.90415251586
2993,16879.43897343225
2994,29175.038547882592
2995,31003.650080871263
2996,21598.178907533358
2997,19228.251441295637
2998,24851.914961738512
2999,26779.41804071996
3000,24686.500012525437
3001,16668.216912535376
3002,18188.629102618193
3003,26055.51378226922
3004,22771.57600426639
3005,30108.50819570878
3006,17435.447631048995
3007,40530.44178371358
3008,16589.73286328069
3009,32646.219185683134
3010,30979.82962172789
3011,30173.050013665463
3012,16098.714658893325
3013,27829.195825317896
3014,20040.972609048615
3015,18880.057568687735
3016,20330.672860005125
3017,24028.63390712632
3018,16287.025985281094
3019,19652.36279700203
3020,20343.19593605946
3021,21443.200207367903
3022,17192.700907758852
3023,18674.8515412097
3024,17438.772006767573
3025,33873.384306779175
3026,17359.15028716186
3027,15930.172613661058
3028,30253.73735934723
3029,17490.529370113454
3030,20853.84281729649
3031,29629.319491649563
3032,23228.01477941149
3033,19957.70627440117
3034,17622.859677700966
3035,35983.931698515764
3036,23197.593697504013
3037,24145.300654717164
3038,17076.88541627561
3039,23618.101599766
3040,19916.60038277311
3041,24536.097937072795
3042,17600.591868576284
3043,25910.771791145096
3044,19656.910242407404
3045,32601.932768083625
3046,17161.605221020745
3047,20928.872464665277
3048,24251.285365412215
3049,24762.706926441948
3050,16720.825685070748
3051,17003.333248488685
3052,20674.719589779186
3053,23608.473514471854
3054,21255.419729622932
3055,33224.31396358539
3056,25889.572190072686
3057,23102.71923022557
3058,16453.705278289035
3059,16049.219146513065
3060,37496.87963572352
3061,19181.105628545014
3062,17283.7541715021
3063,19700.782433843044
3064,44136.86392001594
3065,16845.360526664375
3066,33732.84114645539
3067,32293.89312140213
3068,21492.452274604482
3069,21045.88699180474
3070,16258.348239626346
3071,16127.007713398001
3072,27148.966836740503
3073,18421.00056935353
3074,23530.982864469035
3075,21330.260743657658
3076,20408.600186670697
3077,31249.10927711006
3078,37993.017788318706
3079,19397.895918384085
3080,25798.834443051448
3081,16098.510220943721
3082,20528.45094959233
3083,16988.98734682629
3084,17394.421486762993
3085,25532.966949270114
3086,21458.19234602531
3087,16368.021403216928
3088,21506.748277532723
3089,20534.231672577363
3090,29411.714368589586
3091,21016.979978966738
3092,23030.650650480704
3093,22466.90542646479
3094,16164.3551132559
3095,17099.18524673217
3096,17776.816056055482
3097,23069.367203715217
3098,20350.18664232029
3099,39842.64964557582
3100,16697.664355488574
3101,23448.79152628474
3102,23565.206483043625
3103,29265.038764589295
3104,21670.55278559866
3105,20400.040494971603
3106,16690.76208192464
3107,20594.85540152176
3108,16397.636086022718
3109,32853.47266999766
3110,25755.011007349265
3111,16417.95753544441
3112,21491.276026741336
3113,25546.612612690158
3114,16225.6960954579
3115,21079.24656001852
3116,18729.659147399794
3117,16585.500195910092
3118,25392.6459718856
3119,53287.61279079996
3120,16908.694819856268
3121,18880.759458210618
3122,31155.245360102468
3123,45117.59860855196
3124,16831.88546496048
3125,16908.480125302456
3126,16565.3437534899
3127,52819.99489720546
3128,16912.804943805586
3129,17637.07087008773
3130,19653.624114844075
3131,31941.967857952746
3132,44211.90937349683
3133,19883.914410248268
3134,23569.280910439367
3135,44563.55877388786
3136,19578.034111728233
3137,18943.504977841047
3138,18799.095380450253
3139,16183.937412848138
3140,18235.348104394256
3141,24487.305414293514
3142,30793.830052343346
3143,32201.75317105078
3144,39593.90695983356
3145,33860.77486951793
3146,25682.819437538863
3147,18498.2139088352
3148,26141.052881581945
3149,17011.55849166769
3150,37810.924616238226
3151,19122.453554770203
3152,17267.305470431995
3153,72927.98926364504
3154,32611.07378712156
3155,20973.91392611102
3156,34882.37170195632
3157,19820.303079774516
3158,26394.307854805294
3159,16220.516919454822
3160,16609.45118229093
3161,18877.958014686497
3162,17883.931943078038
3163,19095.452898143452
3164,27054.03412575583
3165,26044.8036280151
3166,42179.821495595694
3167,27624.837549817057
3168,24269.145720424367
3169,16524.418956586327
3170,50055.90423607818
3171,20514.771230113685
3172,19759.87836133373
3173,59244.23770568926
3174,23812.785615579174
3175,19082.493043584156
3176,86514.03309590722
3177,18950.016180031882
3178,21238.938398837134
3179,36811.3128166743
3180,25231.76403807017
3181,29063.814532205186
3182,23934.113441714617
3183,16133.189114550845
3184,20755.362836692053
3185,17131.623695047623
3186,18397.869825829643
3187,19802.248023257795
3188,26352.91968883844
3189,19672.78641299772
3190,18802.077073706667
3191,19686.49612870253
3192,22910.046174328327
3193,41329.38765793673
3194,22373.840835851915
3195,34673.42638003618
3196,18475.938101682816
3197,23031.989637290062
3198,19478.341097247394
3199,16209.359786538891
3200,23388.41949990108
3201,18350.111968119607
3202,17803.875620320985
3203,23970.06642214043
3204,35532.613633483925
3205,24332.34022396231
3206,20809.7318490339
3207,19728.452461703684
3208,20687.022289729393
3209,33895.913988048145
3210,19452.823751816504
3211,23179.997790198722
3212,37597.54795698393
3213,24748.572964969102
3214,20884.793364013633
3215,16315.20679460743
3216,24964.373162910095
3217,24278.907311981307
3218,31974.353175645563
3219,26897.30828453255
3220,20403.45771244281
3221,22876.752875308128
3222,21182.99907716161
3223,25056.47600687493
3224,18250.278841191997
3225,43845.02987264032
3226,20697.199200292955
3227,43794.583021407445
3228,24612.239737248055
3229,31056.21872801167
3230,45523.40683226325
3231,16847.509269753733
3232,20263.063130969465
3233,16669.169879131554
3234,21765.467219488728
3235,16922.512284822784
3236,23898.330673528624
3237,18799.93376916351
3238,23409.07918500229
3239,32113.252925507695
3240,38028.18628664274
3241,42493.27494527135
3242,16748.683169552427
3243,17470.177821866368
3244,21614.18559124951
3245,26077.828088204704
3246,23659.43094706856
3247,28830.6227085625
3248,20967.736924487137
3249,28039.20398043383
3250,17179.38793839894
3251,23659.589789970174
3252,19157.120088606447
3253,20743.03378593584
3254,16587.95785784749
3255,25010.759014313742
3256,26708.11464292703
3257,23073.11381223362
3258,17858.763706025587
3259,74878.14655180652
3260,24811.93281446633
3261,17315.452505920162
3262,23920.253214990174
3263,16474.22069857613
3264,39716.35916626885
3265,26694.410977711177
3266,24948.135281696083
3267,16558.70983839502
3268,18381.38904660612
3269,20366.15852566891
3270,16838.746695648835
3271,31345.517530755576
3272,22769.990120748877
3273,31509.168041697136
3274,28500.465542528815
3275,16975.41497738916
3276,18001.20782617826
3277,18740.802987163454
3278,23425.672314935022
3279,27557.06017912602
3280,16824.875029831484
3281,18195.55342587375
3282,39901.41131435597
3283,18073.495856886177
3284,20234.28479415708
3285,35680.42286559271
3286,42411.81052412077
3287,16878.221662301366
3288,16583.55959853616
3289,19634.7132044794
3290,17642.619673521203
3291,27897.226680998796
3292,39961.36811830042
3293,29225.07144332198
3294,17511.222446266947
3295,16969.66864657343
3296,33654.83624696787
3297,35816.75290427609
3298,29899.721858178375
3299,23123.48675502481
3300,21408.83198791924
3301,21181.288849982444
3302,17373.047560648953
3303,29401.029003689873
3304,25565.200024498918
3305,27304.118590126185
3306,26086.198939434846
3307,24010.554121942172
3308,27806.196573376194
3309,20735.73201457612
3310,17275.58979872048
3311,24015.7619951568
3312,17306.08376242588
3313,17139.26402995914
3314,17211.743286418787
3315,16518.76884496279
3316,26087.408095836567
3317,18848.495405518443
3318,27654.13773436655
3319,21965.641238291362
3320,21557.2964779244
3321,16654.071524506602
3322,24065.24867087865
3323,22178.999557808856
3324,23957.563057505628
3325,17001.0906507506
3326,16872.992435569024
3327,51556.117357126685
3328,16131.557563500057
3329,17246.583189562276
3330,28334.327974875792
3331,17494.23446774049
3332,16967.207045705884
3333,19329.346573362283
3334,16146.368147234592
3335,16255.120764289983
3336,16891.65883528234
3337,25004.15606655101
3338,56801.761775316
3339,23863.078143394403
3340,16597.42441433096
3341,15966.593856967953
3342,26340.230853379304
3343,19075.823328118408
3344,26856.033464486783
3345,18911.030554097568
3346,15991.29646447223
3347,29361.746365185805
3348,22037.13430880254
3349,27429.64534133225
3350,22913.503745572336
3351,17967.490881652622
3352,16393.979508594308
3353,16520.590872132863
3354,18810.156571849013
3355,38033.25819773402
3356,16727.63189187923
3357,27345.85603838809
3358,25867.024338981537
3359,25976.052265033642
3360,25398.010631059566
3361,29720.630221647374
3362,24274.862407976707
3363,22192.652796843813
3364,23112.767857776456
3365,24268.237448825028
3366,17270.256312867983
3367,21142.923695589518
3368,19531.378613191573
3369,18152.972178860873
3370,22843.412040290084
3371,16738.065095063354
3372,29984.675457920344
3373,30231.932899684558
3374,38138.60017043201
3375,18701.892330384693
3376,23268.704663629218
3377,16021.568886980396
3378,16269.310286314747
3379,22290.315438916452
3380,21763.088933619387
3381,16130.171702708321
3382,19731.8191407059
3383,16619.067030645343
3384,15868.857981166759
3385,21828.963915537737
3386,21017.360139708373
3387,18866.27683717254
3388,17592.987593019272
3389,38474.16268017314
3390,22182.124906024503
3391,31982.483804257525
3392,24115.690359225748
3393,27041.807140074645
3394,19593.422729502134
3395,30959.995357943066
3396,16434.52583172252
3397,22424.390852741166
3398,16745.2562930458
3399,17422.317982395234
3400,23592.445950673482
3401,29141.452758785083
3402,18811.417866210417
3403,20948.8045524637
3404,22964.539065574565
3405,16021.636103471656
3406,42597.18774210529
3407,28534.959477275268
3408,20050.691821912664
3409,18116.78172526783
3410,26137.518118686003
3411,28366.09085243298
3412,17970.233047667985
3413,21818.014840561696
3414,18804.33229825848
3415,26649.201928739385
3416,24570.22703192267
3417,25370.13178038837
3418,18985.74019612524
3419,18495.282637193748
3420,18255.802752180818
3421,36555.981184222015
3422,25707.13791701114
3423,18235.279169772464
3424,16255.06115222131
3425,45143.922229592084
3426,17697.297402943193
3427,25566.44822701047
3428,22391.206628730095
3429,30030.098064168833
3430,18798.995172682287
3431,23750.524884047874
3432,16149.958964625279
3433,18112.754788710186
3434,23366.400001184913
3435,29416.663170842436
3436,22249.70707027075
3437,29934.313801040422
3438,34382.39584700599
3439,19055.253469098465
3440,17093.19150937406
3441,27825.89157526107
3442,16196.495378410276
3443,18322.530202678587
3444,35187.382114871354
3445,24152.69185959168
3446,26292.08154395677
3447,22537.993613027505
3448,38129.827440715875
3449,17524.096250491435
3450,40391.66259221973
3451,26740.462394997372
3452,27788.714210654158
3453,29350.085783117458
3454,19080.477670730317
3455,46689.51012814994
3456,31576.950979246496
3457,16673.960904385796
3458,35651.538093141964
3459,27396.041899902433
3460,18783.35944898467
3461,17618.26887031321
3462,25091.815603225863
3463,20124.656822516514
3464,22673.044931699525
3465,56256.05335833797
3466,27015.25155325735
3467,16377.136619803488
3468,25610.74865074753
3469,16739.808742428242
3470,17796.66918142527
3471,28098.574017114483
3472,17180.24089979163
3473,27434.374229634926
3474,20216.504343814388
3475,43110.86621723396
3476,17347.822137829335
3477,36778.34899883154
3478,19575.18644071017
3479,16768.16421061787
3480,27716.65505284593
3481,16427.38328270072
3482,31974.272544390617
3483,20453.775558119396
3484,17161.670888869285
3485,15986.03945173621
3486,22418.10223756529
3487,40990.695974652015
3488,24032.761523061174
3489,18404.4913364945
3490,16723.362685179785
3491,49474.482429916374
3492,30782.0314122289
3493,26396.28102389029
3494,39260.10531819092
3495,16584.412527321885
3496,30536.182746696984
3497,26953.036688069504
3498,22059.323478031773
3499,16400.520437580988
3500,18919.425547121613
3501,17087.71282297431
3502,16952.015368974793
3503,18486.941506990308
3504,17319.163799275997
3505,17446.491024163726
3506,16790.38477491662
3507,20916.034551323293
3508,18364.604202545273
3509,28351.93082332473
3510,17099.129213627617
3511,18043.293712656774
3512,17274.656641093134
3513,28606.79087259928
3514,47933.12307446019
3515,26904.479751086405
3516,19093.302857070565
3517,16073.574559307228
3518,21691.012446150045
3519,17617.45350505112
3520,15933.939171625676
3521,16362.07249691874
3522,32972.35803506276
3523,44584.13535864026
3524,23667.7740981741
3525,24433.430638073187
3526,26858.653101922548
3527,36367.69249590735
3528,24937.695228628803
3529,26250.77129858693
3530,21758.31207659561
3531,16638.094048627576
3532,18730.488275673422
3533,22568.395452591318
3534,20171.851741633323
3535,18294.152654382895
3536,15964.007153059876
3537,29733.648190303942
3538,23608.618066086994
3539,32682.411147190724
3540,17154.12270899566
3541,29213.488679165523
3542,18733.497029134694
3543,20968.38043315532
3544,15871.277985000052
3545,51559.42971806341
3546,38995.5826261514
3547,26557.800335729822
3548,19101.873459408493
3549,25650.15136003258
3550,17195.668157429252
3551,30705.749018625607
3552,15988.382905480183
3553,17450.914456623505
3554,36465.78319170517
3555,35726.1013335703
3556,50887.74407876027
3557,18106.89813852476
3558,20030.6076761234
3559,19678.54635733059
3560,22098.865232470453
3561,18321.61643019969
3562,36939.93918022073
3563,16745.25576891271
3564,27203.34861055468
3565,36948.21639435596
3566,19708.270866551786
3567,29431.739938881026
3568,17178.412759316514
3569,26411.039569549495
3570,15913.850460017366
3571,26064.084519941276
3572,18979.350338930602
3573,16410.15783499602
3574,16307.4487589046
3575,26723.418723944007
3576,19398.23399696651
3577,18574.109135045328
3578,23791.34693046134
3579,17087.308240892504
3580,24789.11261779304
3581,29320.67063687941
3582,17576.42236411778
3583,18763.452155053033
3584,32576.87806297264
3585,27961.824494026303
3586,17988.834243825906
3587,22242.229364619972
3588,17403.486648047987
3589,26379.925887611163
3590,24082.41215744013
3591,26964.300277667047
3592,23528.48101637639
3593,38542.17509940886
3594,34054.27376248248
3595,18803.827715391777
3596,20201.375467476486
3597,17698.93814229596
3598,27869.687429725494
3599,33565.70899672921
3600,16249.37317381171
3601,30246.816983501543
3602,17807.554212443098
3603,16661.499830837754
3604,28007.427484191958
3605,24429.023068529204
3606,18290.579575298907
3607,18801.442726243164
3608,39091.351181636805
3609,21378.21459084949
3610,31915.758371646403
3611,18465.18601855159
3612,20943.901992714418
3613,18030.963191416136
3614,16898.794796488488
3615,26423.54050406146
3616,22730.8012288675
3617,26375.794421964503
3618,16293.891661305515
3619,28289.528872008024
3620,87358.0895321806
3621,33516.52825319629
3622,76229.65511756693
3623,31452.363808026043
3624,17390.88069941703
3625,18051.3787728495
3626,26010.653156114025
3627,21165.404088957646
3628,18049.1517987271
3629,20082.4584262792
3630,21656.619914658164
3631,19651.95171075428
3632,20174.814707602898
3633,24747.229086930558
3634,29154.88183987709
3635,31050.941533988735
3636,30125.56173095372
3637,18766.159849274987
3638,25764.006901399815
3639,24107.18325884473
3640,24337.519720436016
3641,28867.353414887442
3642,26317.141751633208
3643,17251.832149217214
3644,31001.302044794727
3645,18747.823577917974
3646,16279.721317322985
3647,16691.015968093157
3648,21144.63213786911
3649,17355.740346062008
3650,17127.62487541264
3651,26978.356384905634
3652,21391.585460809332
3653,34264.97094799258
3654,33604.88314234311
3655,16390.499914373795
3656,28761.64626358323
3657,17502.974958636045
3658,21058.87485703263
3659,19414.29651954519
3660,20599.335532298126
3661,27265.144525255717
3662,31718.562760375076
3663,16907.57182061708
3664,26130.294935504502
3665,35084.4577681495
3666,36242.74958512074
3667,43440.234381314374
3668,30697.744061558456
3669,28721.398689288555
3670,18805.007689817736
3671,17122.607373855506
3672,16229.98879195842
3673,25032.95225445898
3674,28814.482290268646
3675,16556.415293065154
3676,24332.417734814913
3677,27033.75454277398
3678,18476.39042242096
3679,22380.573731778633
3680,48271.53902329251
3681,16961.881166378327
3682,31668.667188888066
3683,20843.13960761771
3684,31748.783666555177
3685,17605.904803160345
3686,31565.110989247878
3687,23181.834455009684
3688,15991.715815346603
3689,18296.558038690608
3690,33636.00709361713
3691,21088.01396037478
3692,28020.868238633484
3693,27562.54045429692
3694,23837.042650301864
3695,18624.9313581684
3696,16225.866294066363
3697,21960.090617481375
3698,27619.442634469142
3699,17294.25613831533
3700,25850.84212061335
3701,19059.845580782887
3702,58653.23530686306
3703,17713.076442258138
3704,35235.23943999286
3705,30780.359566526145
3706,34208.62215674346
3707,17728.974054920825
3708,17441.697702807483
3709,16953.14347752365
3710,31088.671230153028
3711,24598.146711638758
3712,25303.089023116376
3713,18155.930218000343
3714,36295.22181722603
3715,22772.922810525
3716,17257.87961277483
3717,25755.78797015851
3718,27899.08478134749
3719,30826.36033813845
3720,32487.587551526336
3721,24997.968291468078
3722,38073.427759621154
3723,19884.872181247432
3724,20258.760661182954
3725,26853.773742901372
3726,25624.583710002134
3727,18616.601154435568
3728,24439.089541199224
3729,21250.349607733977
3730,24062.482641773826
3731,26703.240877383374
3732,28566.254012354442
3733,19667.559016423726
3734,15972.146719666995
3735,25619.04428804033
3736,17435.53021523785
3737,26557.128837587392
3738,23751.08257285109
3739,16272.038426307667
3740,21521.75630828781
3741,23328.94009525521
3742,72352.14631400292
3743,35226.03878798407
3744,85676.6432891468
3745,31398.72786150896
3746,17019.35859483767
3747,17058.821222095707
3748,16299.736570026556
3749,17145.854830249635
3750,23672.165091455012
3751,26043.880143041886
3752,16947.354576777434
3753,23665.283241951456
3754,23620.929181039817
3755,18171.394042088275
3756,22178.437258283167
3757,17247.771015572824
3758,17277.27491592791
3759,23577.70647578271
3760,26093.011209315944
3761,25514.12001701131
3762,16124.695027614947
3763,31271.786532611382
3764,17090.439414806147
3765,18292.6769046153
3766,17384.552345825738
3767,23781.34056570976
3768,47767.117508483
3769,36962.68787242734
3770,16700.42239637048
3771,17512.326212723317
3772,24837.166740794266
3773,45499.02920907836
3774,26292.394260663976
3775,33473.70076540152
3776,17804.12520870215
3777,27404.082885510194
3778,27640.04901184235
3779,16697.303471704443
3780,19132.278135059067
3781,43587.17340185985
3782,17087.1762917596
3783,16411.052945022137
3784,25272.97637807934
3785,27499.920868193058
3786,16142.646631863743
3787,15988.046866474484
3788,25402.825441248337
3789,17384.202243129585
3790,43838.26338984566
3791,16410.721324493017
3792,20472.73963375673
3793,20470.73521791526
3794,34860.97746341019
3795,17160.517204100117
3796,19620.421030376227
3797,25686.094168718686
3798,37837.79763623385
3799,17777.04478252003
3800,18370.473730324342
3801,21212.456201365807
3802,15978.572379466164
3803,23378.792636147893
3804,36165.153461578484
3805,36674.016390932775
3806,27086.69641356703
3807,35912.70003701775
3808,25072.943083505066
3809,16684.788487430866
3810,29201.199433072165
3811,16434.171189792967
3812,23235.800071757003
3813,20679.564881856513
3814,31722.443535317903
3815,16582.634768778564
3816,16638.963566715087
3817,31765.480691179106
3818,16996.185751082223
3819,20118.04204352388
3820,45256.31291708829
3821,18192.396358470578
3822,16109.125632737476
3823,19543.31166031606
3824,16043.024124682684
3825,28395.422924284023
3826,17013.942930711524
3827,17722.582784674785
3828,27278.08592718144
3829,16547.464420041983
3830,35465.37928570996
3831,20182.01794819234
3832,35835.77169544039
3833,18042.093722238635
3834,34089.78547478818
3835,23963.225856691468
3836,18570.104677672098
3837,28343.404485219795
3838,30293.005258056804
3839,18279.638048445493
3840,18127.81875870192
3841,22123.570433271
3842,35903.74850317635
3843,24873.58534151908
3844,31109.42961277561
3845,20261.32976213194
3846,16564.29518180325
3847,31188.63383336288
3848,25625.94837703299
3849,18662.938467710468
3850,21342.477159822247
3851,36484.07473330956
3852,18245.72936442367
3853,19160.616011149825
3854,41534.11354803138
3855,15898.172977860064
3856,16155.314552704353
3857,29225.627085937176
3858,18263.23661558335
3859,16358.35793897742
3860,22084.650860968744
3861,17662.785992521338
3862,18201.571110174384
3863,17388.056454534017
3864,36846.608765414676
3865,31393.1860617833
3866,27979.191578353253
3867,25340.955177794407
3868,37859.33716417891
3869,15984.983972550654
3870,17453.035295017457
3871,18473.57601051602
3872,27147.562206841572
3873,34636.18614270259
3874,17238.15798674338
3875,16842.521856826206
3876,20195.651706579036
3877,17229.547422210897
3878,29087.284167545695
3879,33909.1408010006
3880,22286.65481904847
3881,26382.384490549164
3882,30957.904272978067
3883,26547.382269172558
3884,18330.845916631115
3885,23536.505735435832
3886,16183.860804591768
3887,58981.02165587916
3888,17244.71194683874
3889,18142.056088073245
3890,23645.97711000589
3891,39387.52094872438
3892,22798.411134236623
3893,51720.473264233515
3894,36737.66975619858
3895,17237.29816411617
3896,16724.502500278846
3897,28683.94421955518
3898,15947.558318108178
3899,23648.8430215431
3900,18815.353493516806
3901,26793.567258503535
3902,19894.644738920666
3903,26670.926736744812
3904,22849.103660390207
3905,20809.932628626346
3906,32430.925707300907
3907,18194.89589859477
3908,26402.19895544206
3909,28328.086590996576
3910,16834.60048396109
3911,21533.73095952182
3912,18865.21890182439
3913,16450.780870155537
3914,20190.045256644575
3915,17603.067491722475
3916,44894.91943528462
3917,19746.639583584234
3918,17807.395804492684
3919,16818.090585553495
3920,17829.85213873659
3921,16836.09786511704
3922,18088.555896935173
3923,20201.27790257527
3924,28655.24724248077
3925,17381.384530354793
3926,29802.395904032448
3927,16082.554197864123
3928,50994.322169570674
3929,25464.880414088075
3930,25130.408129309886
3931,30157.73721148815
3932,16348.225555185529
3933,19661.939777949836
3934,22413.09140056841
3935,37792.66647524782
3936,16840.160280804055
3937,33085.33574708141
3938,16993.64376121759
3939,30271.537737544713
3940,30671.948294759644
3941,17784.312402757918
3942,20510.439044827122
3943,16600.38403021914
3944,19319.509160881185
3945,25519.672837710496
3946,40908.80788989381
3947,80100.28266587819
3948,16348.17063111729
3949,30385.78022108563
3950,18295.98098832288
3951,25505.94076753019
3952,40234.59967438068
3953,24639.4492311928
3954,29893.903505611168
3955,19823.14305445462
3956,26026.746119648535
3957,18336.299626066197
3958,34035.41336284923
3959,28416.44559266904
3960,28690.992317568252
3961,27795.673875635024
3962,18347.468096601
3963,16753.57570077925
3964,17433.57264916843
3965,15969.603393982157
3966,27716.36425697811
3967,25911.70647399943
3968,28229.013728346366
3969,16526.152754824274
3970,19687.293101648353
3971,29041.008350728513
3972,16376.255754785394
3973,25662.74318243429
3974,21673.39632114413
3975,16126.250106483847
3976,16961.85702724195
3977,23644.923744294218
3978,23570.09850480868
3979,16507.741970229625
3980,18735.871959790362
3981,88564.62562182045
3982,16239.108133725178
3983,23593.068002624193
3984,17084.600045161806
3985,19275.520860955075
3986,17863.10075423029
3987,31162.86527777423
3988,32164.35613140188
3989,16059.299976967628
3990,24953.45214248715
3991,26696.0719595287
3992,23653.822328907292
3993,20364.32352507035
3994,19349.765197332337
3995,19930.887682443783
3996,22735.482368186644
3997,17103.564299145888
3998,25364.61940842178
3999,17615.463064119616
4000,20322.544722861134
4001,16951.12139788437
4002,43307.94024068025
4003,17284.29364754228
4004,25772.57036358655
4005,31045.626405052775
4006,15896.672559351366
4007,37607.96238081026
4008,22228.31283032101
4009,23987.502265796138
4010,21069.48262747906
4011,19630.384929088246
4012,28746.717725825056
4013,16985.405154702778
4014,23728.564075096212
4015,23726.81661031652
4016,23743.661976180774
4017,29207.755823328564
4018,17260.49431217021
4019,19508.40638791227
4020,18176.963172470056
4021,29365.797920549725
4022,35993.764414844
4023,21053.195117869604
4024,17283.145115745887
4025,21001.319549016564
4026,26907.448455284604
4027,20784.257567983543
4028,18117.182474973848
4029,22987.148463196267
4030,24071.574250569407
4031,28965.651846112098
4032,25581.189060370725
4033,22978.66919864082
4034,24215.60939450537
4035,25549.32029655792
4036,24865.793504872665
4037,29535.046925896942
4038,16745.18466379099
4039,16684.19239522238
4040,22434.793693709347
4041,16131.229229362993
4042,17229.16293045934
4043,27037.52501654113
4044,16767.535651433598
4045,28371.54644319132
4046,17258.8321557555
4047,19536.56673832552
4048,16659.678987252206
4049,16652.402251872936
4050,18908.512112283828
4051,22542.495270058353
4052,24987.210668745403
4053,27649.249062697385
4054,20065.594680787246
4055,19695.585741535666
4056,21520.021763732577
4057,37606.95031774627
4058,18362.161638253005
4059,34135.75804254341
4060,30937.01966568885
4061,25608.741657477105
4062,33113.01630874869
4063,23786.01280107838
4064,26087.26905772916
4065,16629.75832662693
4066,16168.574482366665
4067,16919.345468056352
4068,16017.299322451436
4069,24155.720057839197
4070,43896.546842351454
4071,16662.751256994183
4072,31456.529918577162
4073,33247.0250899391
4074,22649.5136060913
4075,32044.56684087209
4076,33906.00815377341
4077,26397.19682999865
4078,20992.361713558912
4079,27708.666979545626
4080,17075.265425234298
4081,19514.251583845074
4082,18339.540029425218
4083,18614.53904471866
4084,23780.678635710134
4085,17748.393437444814
4086,16652.13564629041
4087,16559.964304936148
4088,24557.48792604548
4089,28047.665024727346
4090,23603.75132391114
4091,17134.88193536825
4092,16330.713549762142
4093,16225.705412349962
4094,20315.681760001455
4095,29194.000457474973
4096,54122.01833196765
4097,42766.988307618994
4098,35497.47714790026
4099,18041.455851271716
4100,18942.56300914283
4101,30555.058245594882
4102,24321.491474809696
4103,20851.300090009383
4104,20632.335381975652
4105,24631.958227701296
4106,21558.52582234379
4107,23710.65762726401
4108,17422.331910710967
4109,21799.873588132115
4110,24332.553358609803
4111,18210.641554749367
4112,16910.50634780718
4113,20580.82470173502
4114,26265.838883727323
4115,17455.356671792408
4116,15964.397892889092
4117,22854.511886239627
4118,17359.281739553935
4119,26986.331110410512
4120,16187.401657394917
4121,23417.914076203488
4122,31827.581424451964
4123,22879.551337479876
4124,30588.125087776265
4125,18903.612366657144
4126,35893.725289537084
4127,41167.85950659327
4128,18281.494452542804
4129,23869.067849511204
4130,19375.14951340008
4131,16362.41048814355
4132,16360.677039080885
4133,27244.548900919282
4134,24699.078177449606
4135,25365.730929523204
4136,18090.495611850703
4137,18977.08697137505
4138,19004.694731812477
4139,23385.220579527355
4140,23356.828599591623
4141,26055.746477030003
4142,87367.19320604355
4143,30108.298416371814
4144,31421.723785750575
4145,19086.61299703215
4146,22863.192363040544
4147,57278.92293636957
4148,30528.878542001694
4149,34135.54632838894
4150,21798.08116022937
4151,17342.09482753084
4152,25660.502149331238
4153,19802.16700178039
4154,23789.23170295599
4155,15918.947972584165
4156,18788.825336432157
4157,22850.71393437814
4158,27151.3755750731
4159,21007.187623716774
4160,24684.028610485453
4161,16098.105100007402
4162,68723.3552214157
4163,25731.390726866834
4164,27397.203459493165
4165,22307.224160281316
4166,18315.524127289285
4167,22964.73710280481
4168,24037.31901534961
4169,17118.434115870798
4170,16846.80668878063
4171,17405.578214750618
4172,23573.441367751508
4173,31502.764159190803
4174,18582.625769350794
4175,16009.147023719966
4176,17985.34942846056
4177,21433.75886233513
4178,27644.96435162236
4179,28179.251689116987
4180,26333.50010652461
4181,32512.18439496924
4182,30155.357535847244
4183,16087.667705557316
4184,29516.811140617774
4185,37670.92816895889
4186,26409.15661900487
4187,24000.004752269724
4188,21425.82200719762
4189,28741.751674775573
4190,24834.73072808619
4191,22662.249503583433
4192,20428.004688223715
4193,18278.86887019314
4194,17772.444543324003
4195,16510.76676102005
4196,16403.989704793647
4197,22570.937997736117
4198,21284.108383988336
4199,31068.455481207347
4200,22925.427492528972
4201,27013.574608669638
4202,30366.077323453035
4203,40513.06810799272
4204,18214.384575055898
4205,27488.597833804524
4206,25798.385553627493
4207,23965.599312126084
4208,33495.24149874449
4209,27436.917340758417
4210,25367.609988616514
4211,24590.980827754363
4212,16153.924394944406
4213,37165.85400589073
4214,19488.981692207133
4215,25110.095540771777
4216,24456.5935852599
4217,24929.2564387687
4218,16518.939514303973
4219,33914.94265534011
4220,18525.303804510157
4221,19342.36915974138
4222,18571.045500672793
4223,21118.506074417426
4224,18318.11569061792
4225,17818.787804464024
4226,16402.07221332677
4227,16567.4868603587
4228,16525.438913205107
4229,23572.97547459454
4230,20584.76705437748
4231,28113.477412753036
4232,26924.599833865366
4233,33408.611364150114
4234,22024.253890963657
4235,18121.208512886245
4236,28441.15362441211
4237,27832.98929579343
4238,24393.501858923784
4239,17452.84106444502
4240,27296.688150025093
4241,24096.28674471982
4242,26990.974945661023
4243,17432.776309203226
4244,30156.63796264671
4245,17151.990194249534
4246,16207.836857132748
4247,86577.06279379033
4248,24215.462524165567
4249,18890.488283954208
4250,16461.396392056027
4251,20176.925365408093
4252,18313.360351160547
4253,26568.08594687613
4254,20503.81659698484
4255,36285.583115310495
4256,23943.037736971663
4257,22472.89963652236
4258,29839.947564466995
4259,16680.242471726004
4260,25074.611986577256
4261,41487.17519446249
4262,20100.43550062426
4263,25357.29277294385
4264,23770.30949013221
4265,34279.30066332309
4266,31551.02663713978
4267,22542.539546148866
4268,16893.29833915145
4269,27022.373327580935
4270,19116.13085312641
4271,15964.557023713423
4272,57609.91301329484
4273,24584.147313547142
4274,27395.65284939335
4275,25227.1899319418
4276,23846.413717358144
4277,42832.119083279
4278,16876.907400819906
4279,27153.215819832556
4280,17629.59500279862
4281,22970.87226873274
4282,36805.88190442094
4283,18936.293094905344
4284,23400.467382245974
4285,25089.352723391097
4286,53285.92158860646
4287,16884.262163305706
4288,16430.12753137469
4289,16735.121748026053
4290,17140.681929453203
4291,23886.04468454289
4292,25241.599342144746
4293,19220.11011468512
4294,29288.27744830349
4295,25545.18022114272
4296,27826.872362754104
4297,17165.434502950193
4298,23275.222872263555
4299,27476.47016868325
4300,26084.292897859
4301,21574.583219968747
4302,20928.17133742841
4303,17094.245521473575
4304,16970.791833453717
4305,18881.617232561966
4306,17492.340267123796
4307,31497.632577311968
4308,36035.098910059474
4309,24932.214121253746
4310,29455.612012913498
4311,32388.624276330833
4312,16304.112406162993
4313,17256.741340327877
4314,28843.65446096217
4315,22583.606402149293
4316,16461.76053813327
4317,28329.698424878232
4318,16270.7169329951
4319,16204.369840705664
4320,20335.894739732965
4321,37629.08546756614
4322,26945.925971490597
4323,23255.90260258413
4324,20571.70645352226
4325,16287.095556001399
4326,20023.71021656646
4327,31960.132749475626
4328,20008.460571000527
4329,20715.2161814013
4330,43888.942526528874
4331,24589.363935485508
4332,31019.092428532316
4333,19610.848372381548
4334,15978.706147291896
4335,20327.297006544635
4336,54417.94763290357
4337,19688.725483075603
4338,16626.977393462417
4339,18691.04402526842
4340,19662.43447755488
4341,29164.120055778738
4342,25827.958574359887
4343,19095.26300914835
4344,19249.692821586388
4345,24725.517922386683
4346,23581.522091124825
4347,19131.836656779735
4348,27050.3317517483
4349,36133.567690906115
4350,31570.371696419228
4351,24147.706734851297
4352,27362.413641276933
4353,27362.14172557266
4354,29572.115408186488
4355,26134.553796140546
4356,16785.893883164255
4357,16479.578224201367
4358,16207.072303845505
4359,23191.8617459969
4360,18802.49054828774
4361,16457.107568099073
4362,26591.155396471517
4363,16640.11968800998
4364,21112.454507829178
4365,17899.0299016517
4366,26399.63765018483
4367,16044.030107839244
4368,20659.813856874436
4369,27187.20280946663
4370,34053.953065675116
4371,24450.68068045938
4372,25199.77459138442
4373,44454.17719636214
4374,18646.91467227592
4375,27897.083194465038
4376,18659.95459282714
4377,21444.188089336436
4378,32869.819619662536
4379,26559.41095442338
4380,17990.325234891377
4381,23018.10174675609
4382,19208.77035007998
4383,38729.29432058562
4384,17191.66200911229
4385,26832.43284608217
4386,24420.161225696793
4387,16750.64435314628
4388,21617.68805369619
4389,18357.699269482815
4390,21751.058045085825
4391,19158.51773400529
4392,21537.3178558214
4393,16498.117038030625
4394,24443.799338184104
4395,16788.191797687403
4396,24106.569878233728
4397,17005.781811899647
4398,26061.680230583148
4399,16808.097570752325
4400,19207.403796802224
4401,28877.941766247895
4402,27694.624838680244
4403,17873.85455565375
4404,17485.257378442668
4405,27000.52549585331
4406,23911.83139680533
4407,16393.051297317248
4408,28360.75705908784
4409,26237.974719752103
4410,17684.021210307583
4411,28494.996253466554
4412,18314.580054161208
4413,20860.05482354457
4414,29321.087839937034
4415,17230.655884202228
4416,38628.01671446944
4417,16085.54950150776
4418,35227.8770573431
4419,39688.071120896646
4420,21657.10224966906
4421,19123.974747356293
4422,73908.42653952944
4423,22431.20735032364
4424,36058.24846066041
4425,32661.83834949499
4426,38070.537814519135
4427,18355.362082697597
4428,17281.829101945586
4429,18392.586571981035
4430,18878.724660552816
4431,38408.96248605316
4432,26738.529853856973
4433,26616.444881627263
4434,22639.701099824168
4435,21532.16506253244
4436,19095.653918846838
4437,16432.795734398685
4438,16842.105454443084
4439,26419.27820349826
4440,26841.840321943106
4441,27473.83103288654
4442,29150.058192091205
4443,20140.79612491612
4444,25336.594447436048
4445,23980.343481748067
4446,17589.269972713406
4447,40200.27540506609
4448,28615.664291629233
4449,20078.51112805982
4450,27403.00228480232
4451,31069.86092873917
4452,16676.35710200483
4453,18016.80227861731
4454,27390.33718974854
4455,16073.599735324078
4456,16336.82225043364
4457,25644.280711861014
4458,16508.147792027587
4459,18917.386267735026
4460,25419.778784346978
4461,17284.876131509576
4462,26755.419905048904
4463,25129.883180818346
4464,27868.27098505172
4465,18061.851152011288
4466,28364.36910676751
4467,22177.32687449881
4468,17114.018571996585
4469,26166.337100528315
4470,27974.315498018943
4471,24172.445537163418
4472,18176.731676305262
4473,19790.967059487342
4474,28683.630209913565
4475,23817.82125474532
4476,30490.12157487343
4477,27618.430240467547
4478,16194.122595157722
4479,23088.2220216779
4480,18713.378506104404
4481,18138.704996929722
4482,17471.705734029125
4483,17344.520064495824
4484,23740.463440124575
4485,19144.5441678677
4486,27287.296692436787
4487,35737.263279534396
4488,22248.22387939746
4489,26573.811831676227
4490,18809.54010494356
4491,16619.84932329037
4492,17220.11536884365
4493,19354.962845180467
4494,30545.33269957835
4495,16933.416201467935
4496,31773.01308990422
4497,16492.156400513202
4498,19131.595533721324
4499,17464.3258081174
4500,19302.587410896274
4501,50903.88659507566
4502,17597.390893118365
4503,18458.905344158586
4504,35220.40158929044
4505,16927.213262383968
4506,23834.856396474228
4507,18284.24192064094
4508,17578.8354491273
4509,27994.77639185854
4510,24361.8835002662
4511,24355.938400438798
4512,29236.111931148647
4513,18170.006134845622
4514,17507.986410281464
4515,16801.715785270753
4516,24042.59178606972
4517,16312.432054561621
4518,45973.122058394336
4519,30145.316931058493
4520,30668.61173155531
4521,17436.4130801904
4522,16941.358235163454
4523,32640.191595502456
4524,16177.900510046911
4525,23507.61506060572
4526,21789.78523402317
4527,16775.459482572503
4528,17414.570758775946
4529,25266.76578130887
4530,16702.190288345693
4531,33161.41416158795
4532,19340.89382782151
4533,24022.725745853037
4534,20731.138125778634
4535,22335.86938705469
4536,32450.73120079989
4537,120083.64704168683
4538,18449.916199928804
4539,17284.13612522105
4540,18770.382112533163
4541,16916.92413408982
4542,36595.11868979486
4543,16648.702872213504
4544,15918.553199910491
4545,69475.86685832334
4546,16466.068790317884
4547,31808.808302136033
4548,22273.126620485386
4549,25125.97182682278
4550,24523.055659069214
4551,16470.562999711467
4552,27871.58067430203
4553,17803.02672226224
4554,16711.418064423924
4555,19216.3929737044
4556,19909.50958320978
4557,16532.608733795947
4558,33963.511561426334
4559,18300.5613297011
4560,23720.360187448387
4561,26027.279554816785
4562,34643.60797800785
4563,27280.864618149015
4564,27480.315264265464
4565,20407.67464104302
4566,22440.582793618698
4567,23725.787471672615
4568,24159.50089897902
4569,23642.831099289113
4570,16682.79875659646
4571,20038.74175340574
4572,19269.36865750978
4573,16809.051133022036
4574,24167.121664754308
4575,45143.4306774402
4576,19400.720436976873
4577,16722.579562326267
4578,22652.294138946745
4579,16993.78015896244
4580,19868.776160606256
4581,16173.476779666713
4582,26135.61292084509
4583,27514.47793904679
4584,18408.590524872987
4585,28001.29894173663
4586,18257.4688924788
4587,18647.101388877563
4588,26337.09690695158
4589,17369.062192371533
4590,16405.994561922373
4591,16597.06034028237
4592,16869.589192723404
4593,18163.079690684957
4594,16338.171937112475
4595,26278.31972867702
4596,19077.56510862551
4597,24104.27343818026
4598,20478.695485977758
4599,19028.898490631705
4600,19487.40306117587
4601,18498.348688726463
4602,29058.396860494802
4603,18542.145320778975
4604,23423.79573872393
4605,50616.92713927703
4606,46672.302477065095
4607,26903.02600150719
4608,17752.730430648116
4609,19336.218248192665
4610,16845.435686489265
4611,17619.688309502802
4612,16378.922956165074
4613,19142.433180639186
4614,27405.63587998021
4615,28765.591596639344
4616,17741.578390226467
4617,17155.70957558809
4618,19098.415196852853
4619,22913.201905108283
4620,23244.59679301562
4621,21104.010157033248
4622,28981.20014088568
4623,19918.568654099112
4624,22679.82668896224
4625,16507.60966174478
4626,18808.03547402478
4627,18313.398901630204
4628,26952.44935897223
4629,36877.744993214175
4630,23750.00786061776
4631,22828.053286295464
4632,16904.80007457661
4633,34711.374292491375
4634,29120.709540069514
4635,18257.40310477833
4636,17706.138553109107
4637,40122.0061619835
4638,20063.017444846973
4639,20095.78442079668
4640,33014.84164152581
4641,23122.53540315206
4642,83066.03080097843
4643,35254.34625112823
4644,16297.539549471432
4645,26491.657649233155
4646,19503.78718592722
4647,19700.63192031947
4648,36964.32094671663
4649,27544.995271425258
4650,17792.680043940716
4651,27660.770611038683
4652,37810.88951550228
4653,22394.306840533398
4654,24028.08703589346
4655,32815.16657379652
4656,16116.612526145393
4657,36564.25353769695
4658,27700.112976741966
4659,21777.272157808446
4660,19585.802546067873
4661,31341.63675605646
4662,17710.655131076506
4663,19098.60439859767
4664,17060.601208519874
4665,28711.45286064406
4666,21485.9708269735
4667,19864.2220382959
4668,16942.016603092103
4669,37685.417864785886
4670,19504.564214003323
4671,28566.861368176826
4672,29013.931206793186
4673,22971.14254303379
4674,26573.69446563554
4675,27448.598344347978
4676,21801.799241590812
4677,29563.908844542304
4678,23784.105617528745
4679,21989.865040311142
4680,16233.352020414224
4681,18442.256711511007
4682,31221.757803905763
4683,35587.34414214318
4684,16842.69313155322
4685,18476.283919299276
4686,21485.380475015372
4687,27736.842131947593
4688,24973.463630320566
4689,16537.220450470544
4690,17783.600015370543
4691,28332.062703264535
4692,35403.50519844906
4693,17335.67690004965
4694,18860.857140686287
4695,48618.28408606512
4696,22005.06650009302
4697,35707.2648126898
4698,17850.804445472408
4699,19246.655071337766
4700,17158.57822159981
4701,22485.96433643571
4702,28460.02740540503
4703,17957.644323863282
4704,27116.626307573337
4705,17161.94645605291
4706,39687.041755455226
4707,20448.05916488634
4708,31936.018459354716
4709,25987.266678099935
4710,26017.916835293032
4711,16304.339384660969
4712,15978.241598810791
4713,16071.18008710914
4714,21908.63867155242
4715,16367.902959774703
4716,17204.56627696019
4717,43039.42573554661
4718,43582.00982962998
4719,30243.785426212227
4720,18174.25884864861
4721,25484.107268588967
4722,32938.846998049165
4723,18479.605183646912
4724,28144.48530243736
4725,17489.369277132802
4726,36452.50309303941
4727,27751.80997358386
4728,17451.691075514944
4729,42756.731588483606
4730,20228.328424938343
4731,16709.80605946332
4732,18668.213972629972
4733,25923.012320717313
4734,17495.059849099947
4735,16572.59604960816
4736,20017.287116050364
4737,22247.179992177793
4738,19449.031185731918
4739,16763.29300312123
4740,107134.6854684456
4741,21734.534500402046
4742,24401.4263394402
4743,23331.128137472606
4744,26851.134174586703
4745,22608.06510684527
4746,17238.707139849055
4747,23799.588046476252
4748,30392.507206958675
4749,19169.5126289757
4750,18239.36809297243
4751,16347.582710674717
4752,33902.82382688699
4753,16672.25487563236
4754,19587.86421060981
4755,23371.619107275594
4756,16360.702841174409
4757,19265.41809031246
4758,17969.61986640865
4759,16117.818326259048
4760,16300.71336524187
4761,21742.943772242324
4762,17088.279633664686
4763,26289.333387881787
4764,21366.68202261473
4765,23788.281524502974
4766,23562.56608080916
4767,25918.330792168294
4768,18637.76938844894
4769,16759.508861796832
4770,16078.733898194596
4771,17183.35074826208
4772,24190.078185748604
4773,25731.8401170101
4774,16677.923152445324
4775,21995.392454455498
4776,19713.94896992598
4777,23770.13526153549
4778,23954.023249765167
4779,31624.808090059363
4780,28383.40034364552
4781,25424.795044075516
4782,25239.989788110164
4783,17438.698560082117
4784,22143.80952635466
4785,25653.239137088472
4786,23997.2254932741
4787,17218.887349272067
4788,17169.49988472589
4789,18573.15268829101
4790,18002.388015652094
4791,32470.36840963494
4792,17580.597133618692
4793,23164.42402907133
4794,19135.89826468532
4795,16475.747647787102
4796,18856.075468257197
4797,19255.86485758193
4798,16994.87819803619
4799,18161.134164166135
4800,17922.593218632326
4801,16749.371741305054
4802,26940.31031198796
4803,27601.95587143647
4804,31664.74665521383
4805,16265.583218902337
4806,23484.510882133
4807,20683.004358007485
4808,19508.40913144858
4809,32763.995548506595
4810,16223.537963577935
4811,16590.985684431307
4812,17483.311993580057
4813,32463.51281392994
4814,40450.36577198989
4815,21469.08915374946
4816,24033.01508708758
4817,22581.45126935749
4818,26035.56427447196
4819,17476.06749727142
4820,16858.17455918499
4821,17505.064807825725
4822,26421.365240148116
4823,19051.68591768806
4824,18290.26315044468
4825,18284.155788706914
4826,17725.14412622534
4827,27748.767706966217
4828,40154.77180769852
4829,18958.420500033808
4830,16902.7900170207
4831,19132.866093871427
4832,19146.899662433778
4833,20642.930082575287
4834,37107.985528184974
4835,23187.70718168884
4836,20725.497164707587
4837,16257.374954450688
4838,18334.717290649965
4839,27504.46981841807
4840,29461.510865937416
4841,31751.450776919984
4842,28108.698253206047
4843,22112.52176338291
4844,17361.532650208206
4845,18401.155003067975
4846,35274.02439516861
4847,20878.463306458616
4848,17494.23446774049
4849,16294.013366543568
4850,31306.53155109424
4851,23810.049174748066
4852,20833.75530737709
4853,17071.359821157872
4854,36894.67682437924
4855,19412.427655112784
4856,16753.225133605687
4857,16030.803631235594
4858,23508.15184212011
4859,18437.253872960857
4860,17078.62614338359
4861,36478.33536954022
4862,16069.540165205073
4863,21901.333754745763
4864,24786.97053990854
4865,27665.001322666685
4866,27315.45481641833
4867,40028.054840454366
4868,39568.96868883654
4869,16551.834354702638
4870,18749.459726420686
4871,22471.032193633066
4872,25681.83330429467
4873,16826.628113793195
4874,25015.472896526993
4875,39472.346762064495
4876,39364.64730352844
4877,25404.371853570265
4878,42852.98418292895
4879,33799.429964222385
4880,34558.45479777946
4881,33417.582774566064
4882,27754.54208105641
4883,39469.84538356229
4884,81536.35959889424
4885,16902.473777002884
4886,22485.249605791476
4887,26805.090402121234
4888,22810.39774065636
4889,19187.934083316322
4890,17564.268050939394
4891,37335.192226152845
4892,20085.89250887492
4893,18797.28759095328
4894,28187.653112218377
4895,18399.209150609502
4896,17121.843447480765
4897,22634.091901942043
4898,36940.674587790476
4899,16720.180512553496
4900,20459.69557804636
4901,20326.565186599837
4902,21358.91607512554
4903,19868.543636164748
4904,23140.531138193914
4905,30865.741216327984
4906,19485.211904875167
4907,17021.136394024936
4908,17458.920642502908
4909,16129.123541647958
4910,16241.274396267363
4911,24153.234218575526
4912,19218.03933987302
4913,18777.903577817087
4914,16823.437549330607
4915,34293.54437395677
4916,25101.186361032655
4917,22957.15068165309
4918,42950.00205527066
4919,39498.30561115351
4920,20700.46360346268
4921,17171.104095449307
4922,18679.25982560908
4923,21177.710455640314
4924,31028.78348333834
4925,21153.422917112344
4926,17057.792835041197
4927,32740.337495187618
4928,16367.251549468881
4929,22304.30604461993
4930,24350.863798966966
4931,23542.04377134434
4932,33032.72220804215
4933,20730.825636123987
4934,17416.8733954122
4935,23929.727435997233
4936,23557.836511339534
4937,17127.466990005625
4938,25624.97040680004
4939,28463.612854957617
4940,24458.42721063397
4941,15973.133975039449
4942,18063.892949334808
4943,39921.16342373837
4944,39024.99182436144
4945,18307.041349845676
4946,31708.970739923425
4947,18751.07705560642
4948,17539.0749879718
4949,30676.868992056934
4950,17823.075074488686
4951,24632.04042206623
4952,16748.667936129405
4953,17505.90541129363
4954,28917.23575977473
4955,18428.910082117633
4956,29770.82644732073
4957,16835.58826515474
4958,22600.4541790565
4959,17372.019176179685
4960,22088.869144569562
4961,29956.79104473826
4962,17551.195234357114
4963,17531.445061211416
4964,17480.466121723563
4965,41047.74779477855
4966,16717.44137834066
4967,19341.975046951808
4968,28012.116369456766
4969,24766.552455096316
4970,16224.726115830588
4971,16020.694397631936
4972,28149.607004773366
4973,34368.87968444881
4974,16803.8762284382
4975,18396.94118796009
4976,16215.60544823432
4977,35895.004812434025
4978,23746.83453554701
4979,16990.763255634607
4980,29749.58531253109
4981,21143.061306605145
4982,24566.33217740557
4983,38239.7696061481
4984,16783.31872450306
4985,23664.36765821959
4986,17279.470805404464
4987,26399.05987248632
4988,16632.08063962833
4989,21459.597612401805
4990,24946.704472696776
4991,27887.392327605074
4992,22791.994508261138
4993,36757.90461305539
4994,18323.573314147136
4995,28540.853154748474
4996,26588.15427749902
4997,46588.05575156434
4998,17858.448545151383
4999,22665.981520545563
5000,19597.224463180166
5001,18758.73352803508
5002,27375.067747534096
5003,27489.227532597895
5004,38311.89461740449
5005,25225.02481516841
5006,18612.02518063684
5007,25865.251754001514
5008,25558.468510522413
5009,26461.517023635875
5010,20424.418082581866
5011,16155.36348015381
5012,20198.342341813393
5013,16651.86144970743
5014,30831.088810353787
5015,17447.588931709364
5016,23192.247804532566
5017,17698.300589298793
5018,27031.579774525886
5019,21187.377708705528
5020,24223.15721329393
5021,22575.844952058516
5022,19230.788259107412
5023,23655.52630622987
5024,28705.043161056743
5025,16622.975474847117
5026,43789.02613280905
5027,17775.237104284737
5028,18257.67312396339
5029,28345.39932279472
5030,16995.284965250765
5031,30088.756935227328
5032,22659.700853514805
5033,21501.432832224982
5034,19537.03225224433
5035,16592.907821212782
5036,17773.250963617247
5037,33944.84261650258
5038,26469.97902744652
5039,20694.691215747633
5040,16653.314886242573
5041,20221.398763796948
5042,20172.543605440063
5043,27979.909915735443
5044,25577.763265729714
5045,19039.91086754158
5046,26182.855310470586
5047,17463.990459654244
5048,18758.98916247663
5049,23422.99998224894
5050,16628.31571904188
5051,17686.513487462722
5052,19377.183873142803
5053,24233.82771710814
5054,18668.300210476857
5055,17185.23642001463
5056,16445.158305560384
5057,16335.604472082676
5058,23168.922422448042
5059,17776.004327615537
5060,16658.61226116807
5061,17320.092608826108
5062,22795.356222021983
5063,69108.89924058586
5064,17463.3395820698
5065,38773.21773441301
5066,18234.345577139095
5067,21373.180637881927
5068,28343.04967525352
5069,17745.494862197087
5070,30719.141015652454
5071,25965.319388812593
5072,56895.49643289634
5073,31632.542719912624
5074,29281.58138419747
5075,50990.55574084696
5076,33148.312078969706
5077,23713.647477018712
5078,16937.38091827508
5079,35369.20169008881
5080,28057.624729631978
5081,24660.8382640376
5082,17856.40385391051
5083,28085.2407978464
5084,24228.146819941805
5085,18812.01021293491
5086,23835.415896773666
5087,28513.816154648353
5088,26718.33532502025
5089,19952.81323853551
5090,30944.64358370935
5091,49022.02254024213
5092,23915.625702319605
5093,33670.62236033889
5094,24783.173062994672
5095,16431.661406606152
5096,16225.888911479859
5097,25961.637062501442
5098,17176.90678493135
5099,20211.90424310204
5100,27432.781080343484
5101,19856.33431830268
5102,19224.981934549873
5103,23219.9580677063
5104,18263.04723139004
5105,18462.48530624721
5106,23617.090805890177
5107,31986.672023071806
5108,30265.602670835604
5109,17554.698829089706
5110,33917.27058623266
5111,21325.652033882765
5112,26096.003240913516
5113,19226.77369723671
5114,17085.02102463544
5115,30529.02519110195
5116,17083.2471048871
5117,23097.491695735567
5118,21033.948207987378
5119,19575.068375172
5120,18013.302740094805
5121,24762.881520488878
5122,41297.057188726554
5123,27113.86401986774
5124,23618.072542135673
5125,37364.7656551978
5126,23813.441358427845
5127,40682.357741779124
5128,23707.48721093076
5129,38583.06729568642
5130,31485.688628271993
5131,22219.871959502278
5132,21477.411769248305
5133,26543.744921931437
5134,26791.00907667181
5135,24973.992366703067
5136,25597.67688914136
5137,19388.45160625704
5138,18361.413786166362
5139,28312.174422200078
5140,17435.9066278035
5141,30286.62932396716
5142,16778.75795595187
5143,23070.89668651088
5144,19077.367649827545
5145,30887.52208856366
5146,18009.93759559483
5147,27910.66326862349
5148,16770.918425490214
5149,24028.907156373498
5150,27648.73132133686
5151,36601.52089746042
5152,24466.367209599717
5153,18784.703749625613
5154,34576.58110259175
5155,41633.657369061686
5156,23191.719607648993
5157,21454.10802373106
5158,28829.858985001007
5159,37669.64744364581
5160,22865.053679179553
5161,24729.498304984
5162,16593.582870487353
5163,25563.873741944313
5164,27883.140475733715
5165,20152.272199449308
5166,29875.647745046113
5167,15904.470244485892
5168,16140.660193685462
5169,19352.259873151073
5170,30006.749576907314
5171,16328.082316898317
5172,26149.23736205133
5173,16986.10585314902
5174,19511.397851969134
5175,85660.09036910588
5176,35978.35348986827
5177,16244.022925858459
5178,18358.39564048465
5179,25273.406615272128
5180,24669.278742190152
5181,17192.228676886396
5182,17961.79562546831
5183,16665.97725233849
5184,20451.468597866024
5185,24638.477454316788
5186,20423.529406354693
5187,17952.39571411974
5188,17541.5486117669
5189,16620.599180645022
5190,17551.19579233715
5191,19658.26307134196
5192,16739.753858994532
5193,16762.8645101248
5194,23387.381865340056
5195,27974.3586350767
5196,17207.899493798104
5197,33648.13382297518
5198,19283.726136118563
5199,16614.227070624154
5200,15911.524733058744
5201,22071.213362184586
5202,16063.533975306656
5203,21737.32128078632
5204,36059.700862003905
5205,15990.360550656578
5206,17817.48070505791
5207,30592.518733083896
5208,23713.466474897625
5209,26419.03182404863
5210,26393.671939367036
5211,16518.61004156856
5212,25225.481996272472
5213,26742.270746636714
5214,25336.642819909604
5215,24737.38216800582
5216,28556.96388617095
5217,16315.465001782659
5218,20067.01539132202
5219,29695.76292421516
5220,26112.19045227804
5221,17141.725148701906
5222,25131.81860008142
5223,29877.3687505503
5224,18853.263380151264
5225,31863.03951892949
5226,16680.966350721927
5227,20743.886613858238
5228,17995.481794071835
5229,21044.425395597835
5230,16438.91136506848
5231,16401.328808761213
5232,17589.138861338943
5233,17173.93412151082
5234,22284.71455063946
5235,25596.070783409657
5236,25273.91960348233
5237,17693.93509476295
5238,23639.400556512977
5239,34844.60985019378
5240,16495.1203831993
5241,21059.067881890594
5242,37991.40046243189
5243,43983.168930462576
5244,29480.206731180264
5245,21941.220562027014
5246,25600.694339086534
5247,16799.93545130057
5248,15983.865860440263
5249,21707.91309334736
5250,17825.509384349345
5251,22170.76733172432
5252,19805.81838549874
5253,45864.06392732241
5254,17483.899277302447
5255,23019.549570147392
5256,25667.268279707292
5257,17452.324295271785
5258,22963.13411548538
5259,33938.5366805141
5260,16168.81370127746
5261,37518.28967028354
5262,28348.959746717388
5263,17683.525401354345
5264,22617.672163971667
5265,18558.8105022063
5266,19296.246688513256
5267,19341.78549356271
5268,24620.408145157693
5269,25167.52745807983
5270,37457.47817084522
5271,17585.60868828922
5272,27626.53432865399
5273,38026.47026225725
5274,27497.279599271893
5275,19152.325805160202
5276,22876.932498228765
5277,26974.039929175033
5278,19843.23215965438
5279,29062.276678114238
5280,48353.31856776305
5281,17914.882848131267
5282,22681.062431506994
5283,17098.84536914183
5284,24503.973343224472
5285,22327.051817735555
5286,17647.95610895567
5287,17744.857356366025
5288,37784.7310299095
5289,16725.816309107024
5290,20726.88921635362
5291,18426.655547336606
5292,19878.071904059092
5293,37898.61823392354
5294,17215.255839145055
5295,79889.6620573772
5296,17494.329599914985
5297,30726.368939927037
5298,24126.696962245587
5299,16947.268970484514
5300,21046.72072122618
5301,74022.70166548128
5302,17416.419544742617
5303,20267.244281740364
5304,25575.211387841504
5305,32912.41974759403
5306,18247.699689721267
5307,17418.799128706552
5308,19190.31327983168
5309,27083.120323275187
5310,31178.03725103214
5311,17626.89577219422
5312,22006.680456265047
5313,19089.660745026176
5314,28678.940997363246
5315,22331.760271383002
5316,26994.3195543764
5317,37597.4584115733
5318,22660.323243722825
5319,17939.6216550459
5320,42007.383899428765
5321,21538.681554490904
5322,17081.20940818913
5323,20669.009931903012
5324,26386.990682125284
5325,18875.11729394164
5326,33647.5349974175
5327,23608.529654232916
5328,17964.476870576364
5329,23703.69032296441
5330,18736.30600348547
5331,23643.95261094737
5332,16457.026371247237
5333,34825.895008815685
5334,95302.2656422244
5335,52125.87087816865
5336,20618.272706090625
5337,18303.87372992272
5338,23148.96313695166
5339,16731.590277334264
5340,16939.158021583804
5341,20474.52528465753
5342,22256.975634581024
5343,28423.13903535883
5344,76713.49443486554
5345,25277.832325322674
5346,17220.565361099674
5347,18892.838024924138
5348,22866.806704697312
5349,24231.335928775945
5350,17307.98419227706
5351,22113.03350796837
5352,24274.027807528517
5353,16705.761899741716
5354,17178.95906200437
5355,16700.930438745636
5356,26969.11439894253
5357,35560.84901645567
5358,33017.740221603955
5359,21472.453380868275
5360,23569.620356978874
5361,25000.749527945387
5362,17105.98037448483
5363,22952.723242640444
5364,23739.608794277105
5365,24349.8423045937
5366,27874.188550638813
5367,15909.051570031552
5368,33987.38700252139
5369,17843.58130682405
5370,23589.423986236754
5371,40089.16225126008
5372,33338.434820512266
5373,17314.861492820215
5374,18710.758797004248
5375,50211.14414431282
5376,19058.12195941022
5377,24247.52679732495
5378,35784.14764560556
5379,18817.8874361753
5380,33894.97448231826
5381,50096.20229331941
5382,16936.835782905026
5383,17960.658336967364
5384,26056.87665007327
5385,28865.426479628986
5386,49400.94486322535
5387,91244.92453567851
5388,39737.1997260162
5389,20489.61663108427
5390,24911.704132507355
5391,16097.818898988418
5392,18894.973803181092
5393,16385.125622207466
5394,17599.992583500203
5395,25926.76121989001
5396,17738.494772878254
5397,26331.71425907081
5398,24820.601760681653
5399,25276.21290252723
5400,17447.06154104361
5401,25781.59668350738
5402,29127.228278104845
5403,19441.450372354237
5404,22036.918245104716
5405,21348.771208609745
5406,24386.588025886445
5407,77385.47019795344
5408,21298.11629392114
5409,34149.78756706356
5410,16344.721860052447
5411,25305.878162419132
5412,17839.19131030434
5413,23359.839136072434
5414,21000.83171437725
5415,21286.86954329319
5416,26618.936894405757
5417,18232.429718490443
5418,17823.537976892385
5419,18579.236084211276
5420,26552.427765492008
5421,30828.55990817275
5422,24802.727425310324
5423,17646.469266084732
5424,18933.287290995726
5425,21919.207564711825
5426,17225.88139572047
5427,16219.96574794683
5428,25801.250536728126
5429,24090.289699053625
5430,36767.95854491308
5431,20160.275559221307
5432,28490.437534999914
5433,29018.930277707375
5434,22552.2285085189
5435,20608.214192764783
5436,20415.152388779603
5437,17438.56035369692
5438,24048.01060210786
5439,16021.234989050663
5440,18595.4245849109
5441,40386.92715965427
5442,25915.418512684337
5443,18093.406082672038
5444,18495.206732957464
5445,30530.8684275813
5446,20285.368938451094
5447,38033.25819773402
5448,16286.704700504211
5449,31903.435487757823
5450,17586.2620788977
5451,25636.235840044083
5452,35832.37300008424
5453,26818.89783044625
5454,22842.01434904699
5455,24777.29367191006
5456,24405.344376903475
5457,17806.393842719135
5458,19772.51656781589
5459,20684.017324522443
5460,23234.428836662417
5461,19654.120568566876
5462,23584.38093613141
5463,32410.204822358013
5464,26320.75754963563
5465,25145.306643940035
5466,36635.247919202586
5467,27210.039768573126
5468,16818.724286157725
5469,19127.88147209167
5470,25908.67017606708
5471,20481.0142691973
5472,25677.836385328435
5473,28062.775053452213
5474,26513.30031338922
5475,25273.015828512223
5476,28393.569234698432
5477,18384.433502437125
5478,28305.72466354495
5479,17906.78833332465
5480,26134.72880819149
5481,33417.06745041719
5482,28098.316778378772
5483,22571.263932372443
5484,17654.037219669724
5485,19275.977113893678
5486,40794.55616461228
5487,16459.107678700184
5488,16790.005527161982
5489,22260.259494156177
5490,19648.032979241547
5491,22493.13388301475
5492,20302.12248365677
5493,16725.740816334906
5494,30794.498776638706
5495,25749.93608190543
5496,59235.306684742456
5497,19545.066890616163
5498,25407.16137924922
5499,16971.695458587546
5500,34301.02144498945
5501,17166.860358883012
5502,16327.58764201785
5503,31686.4714213148
5504,33191.50382867437
5505,39747.56217469288
5506,30182.91373688185
5507,17619.57998962561
5508,21345.083018532976
5509,17142.918794005585
5510,43037.488795875506
5511,18198.556732775018
5512,20017.32820046415
5513,16500.853141402342
5514,34657.039065865196
5515,30202.92944299413
5516,33067.393883144934
5517,22724.832465370644
5518,37126.822127389954
5519,28316.919376335718
5520,36723.85413825903
5521,16076.037359813032
5522,22337.143381308855
5523,27702.7061748743
5524,27887.306422906775
5525,46692.71532449606
5526,29269.97322293216
5527,42758.78745690794
5528,17589.568389057975
5529,23546.453419596888
5530,16483.517106305513
5531,16937.685520605093
5532,38160.24372706714
5533,18321.47952502066
5534,35655.1766726791
5535,17672.971271531922
5536,19199.976242153614
5537,32012.32022340671
5538,25866.561034807553
5539,27126.925720809453
5540,31814.175424875597
5541,19195.370346041815
5542,17174.01673140033
5543,26384.7899075132
5544,24436.712669159715
5545,16489.53686324645
5546,23275.301419121595
5547,20076.817125174446
5548,17316.11349746813
5549,19590.786333878823
5550,38576.951614828606
5551,17293.607941463073
5552,28981.519047514674
5553,30341.897872167072
5554,22850.455964299657
5555,23460.10293249323
5556,18718.165622562214
5557,35197.3904410089
5558,19132.46834050702
5559,15937.558457224673
5560,28828.987306216903
5561,27589.514510222034
5562,25637.269305119262
5563,27139.94356804224
5564,31424.025928374936
5565,21645.239988669273
5566,15978.53432135372
5567,31853.7853210849
5568,39288.28318830083
5569,23893.041807208654
5570,26892.836960999477
5571,29482.009651142485
5572,17739.03190769614
5573,20959.13277932403
5574,23714.325798555652
5575,18350.122982720182
5576,20705.775860111375
5577,35082.99992038173
5578,17793.779766850406
5579,24758.510152332747
5580,17367.643419797707
5581,20220.844548624966
5582,31553.88368847948
5583,42638.84888249755
5584,28783.276509768468
5585,26327.120092482797
5586,30194.96900243628
5587,21492.968912533503
5588,24797.783563335208
5589,26300.04405140797
5590,23632.378249722926
5591,41499.75793982857
5592,16295.163923355922
5593,31107.369741492425
5594,35635.554892431835
5595,29747.878156684037
5596,39363.144615258505
5597,28548.150757903528
5598,17884.97376191568
5599,19426.643741305248
5600,31365.384533023
5601,19068.247022799715
5602,24778.7374827435
5603,19307.1911227247
5604,23876.366500245913
5605,30880.4039426081
5606,35514.054463260996
5607,19484.75352205008
5608,17082.95231712717
5609,16425.3376592484
5610,17676.626127955624
5611,20076.955377046605
5612,19646.666000647656
5613,18835.14947186211
5614,17130.811293238283
5615,18801.845804119068
5616,15899.247885371811
5617,24588.16341869531
5618,24126.333461265636
5619,17594.19861733896
5620,26333.026934709847
5621,19123.74502223642
5622,31082.967398836838
5623,42508.48683193483
5624,24614.219748530282
5625,20858.01578976046
5626,18609.443805727125
5627,16664.822112363894
5628,31568.340651213657
5629,34065.79423301507
5630,23458.51636322859
5631,24765.681048437193
5632,29156.165594597474
5633,26185.78435866345
5634,22771.27335381927
5635,21623.92980304353
5636,18215.05437922302
5637,18670.297936173276
5638,24978.081778173037
5639,23251.00107124841
5640,24427.92271491519
5641,25470.6870083806
5642,18877.245215586307
5643,22916.935000588994
5644,20081.938916994928
5645,27734.94575067395
5646,18185.800101031928
5647,17615.74880876354
5648,41504.706254939345
5649,16507.32353812861
5650,42321.251007704115
5651,25347.446070889528
5652,18544.828381601277
5653,16755.736366277422
5654,16444.664869262208
5655,28155.50005156492
5656,17241.52594653236
5657,19446.69739409876
5658,16773.165778437284
5659,26477.743672999797
5660,25702.731315952406
5661,40986.200559024466
5662,21176.846551734216
5663,23631.672002661668
5664,16187.922124061279
5665,16520.70773258269
5666,23224.897800190563
5667,21945.298574291573
5668,31040.88085266886
5669,22490.796929410917
5670,26945.298181969854
5671,45239.29527250721
5672,19430.97617892601
5673,28921.288818502675
5674,21258.458112933833
5675,21014.53542811728
5676,17644.668849015885
5677,23454.748272501125
5678,28922.325892094013
5679,21638.65293269526
5680,27128.92135279775
5681,19858.76610292459
5682,41464.10296548386
5683,16342.402025204032
5684,27016.749115562936
5685,23921.43225619484
5686,17480.166390518945
5687,21417.568124071193
5688,18384.74845949932
5689,27589.933864561197
5690,17446.901352414447
5691,20793.69057155147
5692,18449.030278705937
5693,73474.42336359242
5694,21019.928581561864
5695,18255.584764474697
5696,23621.73308469895
5697,26229.488733365062
5698,16768.94426530709
5699,34260.523954139164
5700,18253.042592727583
5701,20911.289265799987
5702,28563.83243556678
5703,18042.141690154043
5704,19093.786092489863
5705,25441.949688906116
5706,36611.50988665965
5707,16689.531372859994
5708,23882.290599449396
5709,26243.725166269684
5710,24076.99681576265
5711,18800.509810432224
5712,17402.950048567738
5713,21482.396246360484
5714,31858.22305821409
5715,25278.507124897194
5716,35196.50996796924
5717,15995.106972918189
5718,24670.99475237623
5719,18726.9515601605
5720,18041.2691371182
5721,28427.227999748684
5722,18582.294805913378
5723,23884.121885286186
5724,17071.534932490755
5725,23159.19739139681
5726,26424.518349088838
5727,17219.99995781979
5728,31572.808920261457
5729,33050.26309422324
5730,25626.860070841147
5731,33657.326470044645
5732,28177.03470612436
5733,42912.70943608919
5734,19566.118721891115
5735,27341.819257703035
5736,34131.852706176694
5737,25732.212170349452
5738,35181.195952587965
5739,40323.61618616399
5740,18392.110274425824
5741,25953.948032396976
5742,42274.048476522265
5743,29798.71787646591
5744,17147.194068921242
5745,25233.26497575268
5746,23210.56190261415
5747,17675.28497985901
5748,23515.626256378393
5749,16489.99647838772
5750,23969.64772595744
5751,20914.072938208355
5752,17141.23713411068
5753,24477.95663240354
5754,19513.808282716785
5755,23575.690648104428
5756,31633.69204909209
5757,31669.287054879416
5758,23767.21452213652
5759,23737.053482085303
5760,17108.4048972619
5761,23828.84140507198
5762,22632.04809837374
5763,21513.648680905262
5764,19872.54081632182
5765,18860.88666217086
5766,32930.492576815304
5767,27431.462327591013
5768,25087.07719856369
5769,18080.15478204544
5770,30247.377495812227
5771,24070.795704472395
5772,26542.747386562893
5773,16946.938203716432
5774,17401.033987523115
5775,17197.266852477627
5776,23634.779727409874
5777,22689.269074275508
5778,17783.60127203974
5779,43397.98667318276
5780,23148.317007183687
5781,17860.171955840524
5782,22924.423977181992
5783,17857.75630361727
5784,19131.93657293442
5785,17595.45418508585
5786,20741.634533351928
5787,23223.92564304143
5788,26023.54002209403
5789,16845.03549500358
5790,26222.509017000062
5791,17565.551228892116
5792,17224.734617443177
5793,20991.824847707685
5794,17956.658866573438
5795,17937.855513402144
5796,54382.50504169413
5797,25351.75246018669
5798,18837.326025927687
5799,30526.65994882356
5800,27201.336733245917
5801,19796.20156210553
5802,23230.80952911755
5803,34588.81000111891
5804,24639.125220167803
5805,44454.40189107398
5806,15940.367251400468
5807,36415.60064128772
5808,20041.228773098475
5809,32317.44973050252
5810,24780.707015547945
5811,17461.424368441963
5812,24512.749698452226
5813,16604.933320798802
5814,20068.356410106557
5815,18473.1566134008
5816,24793.03649750384
5817,23903.134319243796
5818,20023.410743870492
5819,15952.451128495559
5820,28623.2523940719
5821,35262.266513740076
5822,16369.43084411012
5823,44176.08764191008
5824,20633.068011412586
5825,32562.683671238192
5826,17069.265319102407
5827,17003.943780858204
5828,17650.60348590526
5829,18158.371281231746
5830,24117.99151780601
5831,18912.382013298215
5832,16182.467997891841
5833,17102.414206015113
5834,17659.364880998175
5835,27271.733857225572
5836,28193.71002095306
5837,19169.847740211444
5838,27075.480483044354
5839,43807.91019541021
5840,27140.027321753216
5841,16269.991954130886
5842,23478.09612993533
5843,25874.26457471473
5844,19960.32921679354
5845,38823.78854773312
5846,30197.911926751865
5847,22812.893330913696
5848,31992.943067016284
5849,66178.8024655849
5850,25304.627823378047
5851,37915.83759546276
5852,17479.84858804341
5853,54741.96762728249
5854,28224.798368765285
5855,29469.068436882764
5856,19294.581845955556
5857,20598.64627402282
5858,24244.902891700982
5859,17682.11555286349
5860,17428.254271924197
5861,18073.207815877533
5862,26446.246284459598
5863,16764.134608558314
5864,16765.80644191704
5865,35971.307615063575
5866,23372.807837493136
5867,31888.170749786274
5868,24348.468791789113
5869,17612.9892130033
5870,17770.44683344413
5871,21594.949006049766
5872,15956.332217982315
5873,18208.82750789351
5874,17252.546586489236
5875,36590.58775456706
5876,16702.223519862557
5877,23726.761559145132
5878,23603.88156490507
5879,20598.679526897857
5880,19198.06025140013
5881,17348.764110852895
5882,25548.597898735487
5883,23541.71704139167
5884,18361.952639795425
5885,19255.112932323755
5886,33012.0106196025
5887,16251.221179379618
5888,21672.108058991747
5889,16928.904742481955
5890,18868.518570803604
5891,23774.101073943493
5892,30860.20777591221
5893,18812.713516164527
5894,19461.78782168552
5895,17527.37722787076
5896,17886.578514259047
5897,16782.21763948753
5898,30219.494536032966
5899,16573.70199038846
5900,28301.77603606316
5901,17563.615279423753
5902,18490.37293962931
5903,47006.07411058254
5904,31845.196542537185
5905,33028.12538712815
5906,23537.112316138646
5907,17361.88538243807
5908,17096.759736618846
5909,20144.46024770535
5910,27457.3768378616
5911,32348.242850755858
5912,19530.738455946735
5913,27132.8124981347
5914,16989.636514011094
5915,17804.911398626595
5916,30349.593453643887
5917,33866.39330744471
5918,17391.21813121368
5919,26585.224606657215
5920,23130.777612759026
5921,18665.664798079328
5922,37628.7931919198
5923,34428.19386157015
5924,31027.663315808924
5925,27746.343065277106
5926,18797.8773057476
5927,19784.317965913568
5928,25724.838790863876
5929,35478.547927049905
5930,24200.37347162598
5931,19551.92794998268
5932,24575.95406852831
5933,16767.546327592714
5934,21725.123383896076
5935,30977.117790652024
5936,19113.9204695463
5937,21903.20178158525
5938,24960.218920796466
5939,24123.66014385332
5940,41511.50018397736
5941,36250.31942042806
5942,19925.358965700016
5943,17311.125045901543
5944,27020.699322729823
5945,23921.908072996568
5946,23805.849111055402
5947,17237.77860269185
5948,24723.91464154146
5949,24014.776672391927
5950,26995.25749744275
5951,31621.71053207253
5952,19595.49416650029
5953,32839.03228756068
5954,28794.572843578615
5955,16464.791415462165
5956,18888.617151394108
5957,25649.33339951153
5958,20331.41307647567
5959,27085.56442682985
5960,21692.256333626763
5961,18798.477265927664
5962,19329.071481150964
5963,23495.185122794595
5964,15954.705610222085
5965,28197.86281892579
5966,16456.022081264702
5967,30316.34078978872
5968,29077.93516442922
5969,54153.16019969368
5970,28256.10986640583
5971,18153.723422515657
5972,18091.280642281763
5973,24050.97970810833
5974,16595.413592449244
5975,17781.95907780812
5976,25617.752312566507
5977,21975.460662000525
5978,28526.64473960566
5979,25525.250108745582
5980,31143.18341833776
5981,18172.020977754706
5982,42212.6185257276
5983,36476.10789162902
5984,23052.521180464842
5985,23735.464178667316
5986,16631.599761295554
5987,22730.831300191694
5988,69848.15273929428
5989,27629.771569700035
5990,25812.867652678447
5991,34938.509995688495
5992,17711.596759084165
5993,17924.985503598546
5994,16412.34968362043
5995,27290.36413377866
5996,17871.997504203056
5997,23944.18335629692
5998,18911.705275510474
5999,17408.824977552827
6000,29367.41135777351
6001,28157.17729052511
6002,27416.191027552304
6003,22462.67961902531
6004,23437.915929989787
6005,34053.77984205376
6006,18261.801755818433
6007,17987.077398115616
6008,37823.122646872784
6009,17107.462477196015
6010,24409.994038039767
6011,17497.12299847071
6012,19984.377751301716
6013,18072.817299056784
6014,21067.589848709053
6015,16524.450482552398
6016,24514.127672063594
6017,17356.060076423077
6018,37167.24502533989
6019,16401.228582394193
6020,31619.3204796905
6021,35140.30037317239
6022,17730.628244538315
6023,16714.110651815638
6024,17283.76612459801
6025,35216.887456828365
6026,16202.948461498294
6027,23915.85101365809
6028,19444.88226533122
6029,18919.968402461345
6030,16416.21828435894
6031,18828.864023890375
6032,24384.42014428134
6033,17322.90723650022
6034,24375.361315396214
6035,18319.230887802747
6036,19184.820444604804
6037,21031.185192632463
6038,16300.420199523853
6039,16710.773828501377
6040,46249.338602308744
6041,23450.997731376796
6042,16307.334117379494
6043,21685.252531734106
6044,16383.71184581369
6045,21896.218816571025
6046,53704.69143280736
6047,27095.89919132324
6048,23811.088702935616
6049,23290.79079072374
6050,27157.468947497786
6051,27903.08631896721
6052,16437.515763338582
6053,23427.159062939227
6054,25554.35254003195
6055,26294.826510709387
6056,23870.589633233758
6057,26120.547010720777
6058,28320.153445303476
6059,29037.39154474051
6060,16771.28215834753
6061,39188.93722096125
6062,18890.628982698046
6063,28280.632344415197
6064,22421.810908746844
6065,26146.37929098826
6066,20273.01306369355
6067,24453.49341252399
6068,20641.859435717543
6069,23867.90178924825
6070,26522.188475334366
6071,15995.480049037164
6072,16156.564625408502
6073,43656.18357401383
6074,22551.695963278682
6075,16089.308092385434
6076,20211.633069504274
6077,17147.74897024426
6078,23698.712302674834
6079,17710.46923393347
6080,28308.241495982693
6081,18095.839240410227
6082,24539.156244370453
6083,24261.306847341515
6084,25609.013360325294
6085,25758.956746779822
6086,15968.567195897194
6087,16403.38068761076
6088,27234.711643912364
6089,30288.34790094825
6090,22858.905536545495
6091,25425.302263005808
6092,34437.75156134978
6093,19636.89896892121
6094,19859.69822717234
6095,20368.071732339446
6096,16816.391301809956
6097,16972.6422474984
6098,16634.95486564083
6099,23681.60889447675
6100,37796.25799258383
6101,18873.22590439593
6102,21867.636904312472
6103,17836.918208863517
6104,19773.305562740716
6105,27062.367431577262
6106,24258.917788499988
6107,16906.092192246473
6108,22872.362988420093
6109,29821.607470928684
6110,22278.778905792613
6111,24207.11980743603
6112,29183.306121764694
6113,27364.789534034986
6114,22779.364249766513
6115,17593.75595549269
6116,28394.93528605069
6117,26659.59635272476
6118,17687.323307394778
6119,17240.5830541041
6120,23962.697179036502
6121,20134.71890287019
6122,19268.482840706325
6123,26721.429616514703
6124,23585.007838860813
6125,18618.79548675549
6126,18813.386352291534
6127,18638.39911446573
6128,18008.362643363846
6129,22364.27979968117
6130,23211.62505902806
6131,24645.58143689653
6132,18584.678946232634
6133,24742.478100699263
6134,21725.782006474874
6135,18097.031607377794
6136,21032.532250498865
6137,21617.50315557757
6138,24497.89746265263
6139,39712.01175041555
6140,23859.121157994225
6141,26732.380434037586
6142,16326.188841734947
6143,20603.887816287075
6144,16185.932905713427
6145,31550.681888753694
6146,23283.81957276004
6147,16662.42332773472
6148,25197.15837006889
6149,29806.530593651816
6150,21895.469612816436
6151,17448.650198285806
6152,16216.595926732378
6153,22779.376225045264
6154,25792.304544115705
6155,19919.009079425672
6156,32058.088188275775
6157,25382.43284691318
6158,24848.934732068446
6159,19665.695686187006
6160,27775.271762642802
6161,24763.92821413952
6162,19970.350072748955
6163,42545.67988671456
6164,19112.78434934356
6165,23826.576616472288
6166,19987.17569045091
6167,22732.408106327206
6168,18140.59036250425
6169,20050.972470697663
6170,26292.22814029685
6171,17892.597169531917
6172,23740.75001484258
6173,27847.636084729806
6174,22548.468774312933
6175,38646.098767137904
6176,17106.57200516783
6177,26930.700970433554
6178,24931.67066331576
6179,37865.27576931332
6180,23630.757879661698
6181,23012.701320655575
6182,20562.788105614592
6183,20129.592179110496
6184,17904.516457021236
6185,17890.473633697024
6186,15896.262847799215
6187,19567.84022757938
6188,28443.685657390968
6189,16772.913911671087
6190,17456.88741303733
6191,26916.570094720555
6192,25935.342401132082
6193,32131.19592698123
6194,32134.403464623014
6195,27218.76627677002
6196,30907.567438748185
6197,40012.197766667356
6198,34307.612979396166
6199,16655.93253426193
6200,42672.17014360707
6201,26121.813442651903
6202,39746.763834910904
6203,67233.24767915784
6204,21044.35440479614
6205,22519.4409230002
6206,44264.084844577024
6207,20500.281341519203
6208,16520.498561136134
6209,17153.825642511423
6210,16146.350212235338
6211,29783.836510988032
6212,24528.27295738535
6213,37297.1532242978
6214,17213.641537044932
6215,23931.712290223913
6216,32621.4079686785
6217,23339.397317350427
6218,16579.365300262925
6219,18477.83086847083
6220,19636.06562906369
6221,20268.889103921952
6222,25460.120364193797
6223,17784.89507624084
6224,19026.509223875582
6225,54592.04582862962
6226,18843.259323748123
6227,22511.862040216973
6228,16576.034839044194
6229,21214.614145383242
6230,24341.411720420947
6231,27413.000444040485
6232,18591.444359498353
6233,20636.804186099158
6234,16630.40533592911
6235,18617.684263136085
6236,16793.24836128634
6237,21529.325509361865
6238,16978.994699818377
6239,16713.551502330112
6240,23134.576280427085
6241,17117.84643249939
6242,27539.59989692831
6243,39189.98288995656
6244,19142.615352966946
6245,28748.375887807764
6246,24579.321323442593
6247,31448.421555854304
6248,24056.070217497705
6249,23454.679668774483
6250,27980.320176550515
6251,19430.828652495526
6252,24987.31042647826
6253,16291.835003687684
6254,17637.766817992673
6255,16579.052373491788
6256,17561.767936778007
6257,23583.93064928726
6258,18806.271859200424
6259,27064.28008348679
6260,19503.331074210673
6261,25448.652448878292
6262,31218.53423520617
6263,26497.29754110614
6264,32800.9127487852
6265,33016.73308550602
6266,25463.16445631879
6267,18988.9423522921
6268,21946.22486952665
6269,21985.548092247314
6270,25536.958828762487
6271,29077.06604914873
6272,24697.887737588346
6273,37967.12209069096
6274,24594.831529788564
6275,19682.469372955722
6276,16291.646862129335
6277,16909.12271326795
6278,28164.706754283106
6279,43747.14472680367
6280,28584.690122442706
6281,16038.09230206774
6282,21074.776985086337
6283,17577.68459060386
6284,17675.170849017577
6285,23748.10857646907
6286,24349.95293896988
6287,17255.805555110084
6288,27624.61547309979
6289,25957.021694068742
6290,35806.83901384343
6291,17858.820710988482
6292,23600.883200153094
6293,24417.80244486133
6294,26468.696285468817
6295,79528.94355163985
6296,20089.14188512957
6297,18191.326135670377
6298,19997.02208113749
6299,27324.17176085226
6300,28879.325820913786
6301,18110.733399602206
6302,27697.54609677701
6303,25094.61641238213
6304,29641.85442437747
6305,17485.656607168647
6306,26676.406988035873
6307,21146.40909505981
6308,26070.862893481037
6309,17817.13367310521
6310,26316.174893747077
6311,23753.867481026442
6312,17661.08270050718
6313,24620.271728053627
6314,16431.622866989972
6315,28110.36621766422
6316,22683.821833168713
6317,18087.615092888856
6318,16442.87450307649
6319,20477.149711660037
6320,17252.452539806178
6321,16676.557427650438
6322,27874.908576055448
6323,17130.451399986956
6324,19283.160994877573
6325,40704.24724389559
6326,19785.00425716079
6327,16152.406622931883
6328,24008.035907115016
6329,17590.039685686923
6330,34116.85824494705
6331,26387.340384985866
6332,22350.30937397045
6333,30580.451153274964
6334,33643.42665448439
6335,28038.694828520558
6336,30118.09946178137
6337,23365.72920385431
6338,21985.649835210526
6339,35478.79330243547
6340,24612.597654443824
6341,17184.06917235481
6342,16396.171720984876
6343,16823.19370478383
6344,39706.41647895702
6345,24423.70461210134
6346,23738.44706512049
6347,26760.364795432266
6348,18300.638437345995
6349,29836.930546269563
6350,23964.62818035219
6351,24196.89952489831
6352,22881.641801398346
6353,34163.76590742206
6354,15965.476921018584
6355,19976.70222381837
6356,19086.60032411217
6357,17244.420665437974
6358,17549.17595584176
6359,27467.623661084173
6360,27473.239977891433
6361,22506.267809640456
6362,16832.751219790196
6363,17719.715570304084
6364,29470.74919778325
6365,32604.947084639116
6366,20101.220821091178
6367,20876.893858550364
6368,26016.00009301051
6369,20944.71295241252
6370,17175.911985258183
6371,47660.29053975254
6372,25225.48382592081
6373,16173.551131151888
6374,18081.17821305555
6375,38233.40031437292
6376,36666.71604629507
6377,16524.48892746152
6378,43796.357797468096
6379,21569.340556810566
6380,31730.96196527108
6381,18103.782293618206
6382,24064.197734776706
6383,26949.852490803558
6384,16319.646179140773
6385,21467.919425808206
6386,31792.115571033275
6387,18139.087029489823
6388,27693.75980544583
6389,21094.422293117375
6390,54543.49323353528
6391,31820.829859648948
6392,27893.05102829943
6393,17038.77272349592
6394,17103.426890028615
6395,19497.534734022098
6396,24400.881541124774
6397,26337.397424857307
6398,16082.385184243984
6399,17565.862667884798
6400,81511.98735504702
6401,40478.31742822043
6402,16315.968120809706
6403,17441.838254166287
6404,18539.14509255535
6405,20330.899973280546
6406,27812.02571244869
6407,52563.96471681624
6408,22423.756725716776
6409,30414.954322846177
6410,17670.226659519387
6411,25134.243052874637
6412,24534.38523855554
6413,17352.256417646437
6414,17936.009500578308
6415,30808.877137443822
6416,30420.970406390894
6417,16396.230227800912
6418,21048.443738459217
6419,17805.18634216574
6420,37475.46038653859
6421,29951.478473805797
6422,18827.651954076
6423,36567.50400831611
6424,20886.831518574854
6425,19834.055781299223
6426,17610.83940959491
6427,16890.13242705816
6428,26480.927694333215
6429,19076.455140920967
6430,16954.172360766388
6431,21018.04120709805
6432,36027.18714723685
6433,16146.15931703531
6434,18507.72447290233
6435,17211.772101272072
6436,28030.505894621827
6437,30324.167346315695
6438,22479.142367973138
6439,18205.23043353676
6440,16971.442443881722
6441,17257.92361240145
6442,20259.501996952782
6443,17113.79231123071
6444,16993.341657748922
6445,16610.519733103254
6446,25995.392428597497
6447,30719.039961787334
6448,24119.830121905532
6449,16532.068166548874
6450,27612.886633977138
6451,16458.31977081676
6452,26368.488078948023
6453,25396.409575737453
6454,23719.780248177347
6455,16489.580409676917
6456,22857.261378680756
6457,28428.190996982685
6458,17614.65432273528
6459,19565.323496464844
6460,19995.241423283824
6461,18771.621679247823
6462,27143.562797469887
6463,24339.190834836925
6464,25797.05849876014
6465,19323.548217204756
6466,24285.388242798468
6467,21591.094423424376
6468,30239.864408440524
6469,17018.52372076767
6470,26879.615719168127
6471,16189.929485677312
6472,17740.58008319045
6473,23499.593398699304
6474,18816.478792378573
6475,17786.55723684063
6476,18857.217042018765
6477,16508.753973904008
6478,16189.431395157095
6479,27870.855162566153
6480,16110.658638921203
6481,17290.75670111004
6482,36528.67410198806
6483,27987.471117678968
6484,25737.07236927046
6485,30145.187982173375
6486,39379.247173001255
6487,16423.022328671635
6488,16366.81642221362
6489,24239.525433855597
6490,27234.85911059462
6491,30271.668956725298
6492,20624.39180217626
6493,15897.678755469411
6494,20423.39812672223
6495,28439.933163641457
6496,18187.52592451915
6497,18399.997104161186
6498,18064.61331929018
6499,22227.83942627176
6500,17707.819793742998
6501,17580.51975429679
6502,17251.502070648556
6503,22224.606022433392
6504,23246.4675135017
6505,17714.49571272736
6506,16643.781102359986
6507,20344.774935386737
6508,28795.983243787214
6509,27525.853727660004
6510,26811.6667111849
6511,25932.781116767503
6512,29084.08993197268
6513,20400.946816623236
6514,23492.311425903852
6515,17062.2432466106
6516,17873.988682718187
6517,31677.670228169496
6518,19653.99429707479
6519,21523.409922503208
6520,19462.2806088745
6521,21109.817978635103
6522,27551.232410740588
6523,22959.01615880419
6524,16493.882620201974
6525,21438.017213792093
6526,29727.58072171028
6527,21908.81661110598
6528,17438.058933600907
6529,16752.222152254486
6530,35227.8770573431
6531,16824.293552893443
6532,17114.27244953505
6533,29506.058523247648
6534,18886.36231795961
6535,16690.495739597383
6536,27515.405068045027
6537,56924.63339973724
6538,40591.35980910385
6539,16199.35784751495
6540,19193.68587023826
6541,35254.58280006027
6542,17278.238343828303
6543,108381.09936850413
6544,22326.080417772173
6545,17563.06481680726
6546,30943.277155853983
6547,24974.135688573137
6548,16170.759918169548
6549,21258.458112933833
6550,15937.719222985888
6551,16591.261775260784
6552,27507.250166065678
6553,32369.84828409689
6554,19598.18933416192
6555,26831.68608976742
6556,16719.662374992055
6557,16583.66881527898
6558,38214.16705775043
6559,24885.528817419625
6560,16581.475383980676
6561,40980.278601904596
6562,17258.054447078066
6563,18791.31218886788
6564,18355.274606052975
6565,26694.177791208
6566,20821.97275228616
6567,23666.791497171893
6568,16474.722645461592
6569,37627.64158833029
6570,18565.766522572296
6571,18177.40949462977
6572,27702.848562848558
6573,22093.673708637718
6574,27574.36034667132
6575,24262.759207026098
6576,32389.605997517625
6577,51528.56160697287
6578,16969.708378469913
6579,20933.936917673193
6580,21171.196803267438
6581,33492.412234177835
6582,34913.15504736716
6583,24329.538907144448
6584,19438.44728487124
6585,23124.01730863149
6586,23302.407403391615
6587,68985.45841561786
6588,19528.55686064587
6589,17194.003476283837
6590,16532.08965559207
6591,34046.79039134775
6592,26935.385788080697
6593,18498.279486251675
6594,26641.854023087042
6595,44630.20878990255
6596,25885.21665877644
6597,22274.87043450186
6598,17165.513326566088
6599,30992.715164427747
6600,16838.555803649837
6601,36753.22570656151
6602,16237.70989803685
6603,16681.071045233795
6604,18745.17018938453
6605,21134.754521569386
6606,26599.04149711423
6607,22399.554869020147
6608,17518.070417942774
6609,28199.508539343493
6610,32922.1043705603
6611,23414.686115203145
6612,17893.127752605702
6613,20960.03074985807
6614,24338.866615220802
6615,19842.912533199273
6616,42446.599971286414
6617,23741.23189406025
6618,16096.39453798989
6619,17969.983886261452
6620,22625.171800427874
6621,23483.481380808164
6622,24015.633421932762
6623,23888.297767103206
6624,28643.456174251485
6625,34295.67931607171
6626,27593.29975174513
6627,27387.362276602482
6628,16421.14171532812
6629,17218.079444879153
6630,16862.854719848317
6631,16409.861952297008
6632,35993.312238276165
6633,24737.967933396365
6634,16638.898790861873
6635,25534.090952964732
6636,29585.872024531636
6637,28010.838224618277
6638,22681.396919063725
6639,30898.74943352079
6640,22153.857620913815
6641,16933.994622114526
6642,16292.015071622596
6643,18294.88367789705
6644,26475.09602531886
6645,26934.39701997429
6646,26969.873893331285
6647,19791.69285571824
6648,21928.012881313567
6649,16257.261842097232
6650,28460.405707808663
6651,25741.53728125037
6652,26323.138843294328
6653,29635.980471439594
6654,17109.52974664435
6655,20120.14218810148
6656,19564.410331285253
6657,37291.1914093534
6658,27026.84482719691
6659,23198.4065533643
6660,32534.169927638173
6661,31351.520873988367
6662,21523.755679347938
6663,24219.706422673127
6664,19972.581090889144
6665,29109.71080932375
6666,16231.801594724198
6667,17969.35174886897
6668,67369.87433349981
6669,24362.15362298884
6670,27762.378275452687
6671,16238.531073077249
6672,17006.989171344318
6673,17282.561009299567
6674,16542.026385690686
6675,36547.662891977816
6676,26165.49767747952
6677,17716.02000421375
6678,27095.34559450163
6679,27186.064045847324
6680,25339.12877524025
6681,17309.015284629593
6682,18187.874447248774
6683,29407.09239949406
6684,16511.27993070497
6685,39440.287573184825
6686,30844.360457033865
6687,18210.32850335267
6688,25391.14148548505
6689,17613.589150526816
6690,25537.317682522305
6691,19158.84747220039
6692,45071.54104378558
6693,19464.992419570674
6694,25050.40604937562
6695,18408.512265014157
6696,19651.956241370197
6697,25740.682542117924
6698,19149.971909998563
6699,19346.906254827943
6700,16221.267327221423
6701,23219.927117561012
6702,20280.39236166414
6703,23241.06345144098
6704,16564.7586316593
6705,32832.98720056598
6706,16618.646281931382
6707,29334.862046031572
6708,16354.097758658128
6709,25935.957851280687
6710,22469.182202484666
6711,22364.95066762808
6712,16595.07294806169
6713,28612.87693917326
6714,16359.872676250025
6715,28015.206920663444
6716,17086.272967078097
6717,23578.005180593165
6718,34073.726910507234
6719,23878.32996987838
6720,17600.573518755424
6721,98769.19834281
6722,15941.478343003153
6723,17463.762941798057
6724,24475.810997288594
6725,21968.55069975455
6726,34517.385264865276
6727,17643.89463435155
6728,21442.411085239837
6729,17188.49151615604
6730,24870.56940293542
6731,33004.84004266583
6732,16631.603858622373
6733,49162.0094381151
6734,17229.32212787742
6735,17426.470663898093
6736,16427.476031614264
6737,26011.027175826453
6738,27167.887553293738
6739,23254.079004226922
6740,16105.929961515263
6741,36987.32900169948
6742,30001.364561698218
6743,16511.21977274977
6744,16701.963815713498
6745,30129.21136540948
6746,25312.00515012558
6747,44612.90560982306
6748,19290.105369336412
6749,27030.398066271555
6750,17381.112649936495
6751,18180.67389232947
6752,27157.997076309126
6753,27348.99140725375
6754,16011.89948342727
6755,17357.53943460117
6756,23981.09926031415
6757,16449.238815160243
6758,27518.03406107161
6759,20127.69599662697
6760,24646.89164416229
6761,19451.9999637567
6762,24081.821232070397
6763,19129.006787457736
6764,17714.11930685244
6765,18937.732916578327
6766,20845.885163666855
6767,30578.35790276629
6768,19642.971680861305
6769,31824.207432743737
6770,19541.441209774814
6771,19577.30853789704
6772,17358.430779915976
6773,18440.005971063263
6774,39540.90933929468
6775,26350.64653336116
6776,18164.07032280413
6777,22789.069771328577
6778,28002.769873563266
6779,16306.277232408022
6780,32864.17150059496
6781,36623.484303811536
6782,25710.56670643044
6783,19474.433255496515
6784,31768.321389234217
6785,33189.151567604786
6786,23840.937621355228
6787,26217.319559612333
6788,17428.93043706219
6789,19764.258684763918
6790,16899.104850069292
6791,15984.056087385368
6792,23995.841847224518
6793,17224.648818410456
6794,16767.057757100574
6795,16281.317305098859
6796,21673.673006395533
6797,31886.442221349735
6798,16649.578453141985
6799,57784.53934823675
6800,19297.00158749616
6801,21807.659774240503
6802,27086.022900134445
6803,27417.58468703481
6804,18545.353520756173
6805,31457.170763056485
6806,22525.674322075247
6807,19391.050965237922
6808,27479.713140699583
6809,18160.37169281949
6810,33023.391936485335
6811,18084.43383124462
6812,23830.977442225816
6813,27540.51528670182
6814,20939.457021391303
6815,19780.70866912759
6816,19943.52591639748
6817,29110.11490740357
6818,29714.627073612086
6819,23815.748596331563
6820,18480.069735503588
6821,33723.32220800486
6822,28413.22878118976
6823,16104.398124699248
6824,27851.185290517213
6825,17998.784311009287
6826,35065.90249828543
6827,20317.35084758737
6828,17689.66084543232
6829,24307.32170407489
6830,25827.378990760182
6831,16870.117342596444
6832,33747.408946579155
6833,24487.34453075543
6834,24390.6602028803
6835,19370.201373015258
6836,23013.835865402358
6837,18254.191362748563
6838,19873.578696450357
6839,19563.344429333138
6840,26180.073315071237
6841,17330.25416807043
6842,18292.512277768317
6843,21535.49527170261
6844,28368.97246647098
6845,38980.529132598385
6846,27657.77350489666
6847,16228.101659558786
6848,28274.77618436931
6849,20656.624937821307
6850,16498.527403356908
6851,19024.27758908749
6852,21226.70855712932
6853,27063.337483841082
6854,25375.796870458504
6855,24179.686565639466
6856,22151.234860745168
6857,17913.53190894608
6858,23234.66469104501
6859,28479.887382117373
6860,19025.222046432686
6861,30783.02194004856
6862,19642.45484462926
6863,50806.2547082187
6864,16482.598982075408
6865,29786.430811775022
6866,28037.52703433836
6867,28848.10439919457
6868,17996.617411438572
6869,27388.831073674875
6870,26610.12011062692
6871,91195.30857395224
6872,23740.0371808551
6873,50943.79058105856
6874,22898.777273929678
6875,30841.116289630434
6876,26237.14335576352
6877,17570.432341469048
6878,19048.371208436583
6879,26776.57351903371
6880,17636.133726930493
6881,19232.283339782065
6882,17846.55751288835
6883,22314.371037036624
6884,16557.788606535738
6885,27963.546273361106
6886,20977.403652724577
6887,28217.582246283724
6888,37155.05640486416
6889,23531.483604871326
6890,17067.33078783695
6891,24749.852050791964
6892,19975.08719885299
6893,20627.065917402946
6894,25694.429558776013
6895,16206.50319403378
6896,28128.073821151294
6897,17080.666090014576
6898,26979.965914435714
6899,20652.250497574303
6900,39261.416963665484
6901,17136.046184879095
6902,27325.394303950576
6903,27262.90573196113
6904,16685.60256552772
6905,20117.26427035794
6906,20935.978044232877
6907,18933.528025743588
6908,16199.395396687389
6909,17374.349701721192
6910,43723.019254484156
6911,24361.764142524164
6912,22044.44148034175
6913,23499.417143328723
6914,18965.615133422667
6915,42801.69739884172
6916,23305.846040838172
6917,18149.292645125413
6918,33347.606581818465
6919,37814.33947957068
6920,24575.812088543204
6921,20977.571272095054
6922,17484.679555505085
6923,31817.90226304966
6924,39972.24575141387
6925,20357.167023755406
6926,17053.818140998268
6927,71811.4787167599
6928,18983.53959981001
6929,18582.023282639067
6930,17409.357933344458
6931,18625.99806262932
6932,33072.89441435302
6933,26767.96318765311
6934,28398.530449427624
6935,31168.588707632283
6936,20032.412689877958
6937,16808.762568069134
6938,19118.33845224454
6939,16630.659616268247
6940,23108.206624181326
6941,29154.468740268665
6942,19116.725033138056
6943,20123.314550144798
6944,23123.99605679316
6945,30768.81893030955
6946,27780.792215311587
6947,111326.71099031728
6948,25020.480968641757
6949,26912.574043433182
6950,27762.87481023876
6951,16629.123236465184
6952,23317.459796471896
6953,18375.02197359594
6954,18562.37243938766
6955,22526.87509800094
6956,21397.826689111273
6957,21854.806586338582
6958,25441.78586523992
6959,18306.06887524543
6960,20170.304249811536
6961,19281.002793642776
6962,37897.287242812214
6963,18343.700130134494
6964,16371.766463133667
6965,21334.67640972204
6966,27997.81757927569
6967,25120.32778584947
6968,18884.68118962868
6969,17092.463559668096
6970,19934.56635802911
6971,30935.50129604565
6972,29320.17896514882
6973,16168.175293592638
6974,18105.086527901476
6975,18029.65533926698
6976,27246.481266264702
6977,17805.93393514684
6978,28079.61788384638
6979,29114.52734711775
6980,18603.206071742647
6981,21737.339141566903
6982,17272.54678673628
6983,21200.13002993205
6984,16282.499207398538
6985,20850.50410785142
6986,27579.791664017277
6987,22131.97745644564
6988,16175.068243038415
6989,51887.28719421213
6990,17503.24019001537
6991,23575.20905239265
6992,53713.686141504615
6993,31426.36671115845
6994,22736.21785588972
6995,31419.407518157393
6996,31890.90877968855
6997,16603.038325289162
6998,19383.83784469681
6999,36116.618355275656
7000,18866.465017411418
7001,27035.477937036438
7002,25548.595423872543
7003,21096.837555213628
7004,36364.539867829844
7005,21578.947344246215
7006,25733.449957915444
7007,19388.400945036075
7008,18178.4930393135
7009,18082.6721603885
7010,20416.66229816104
7011,16431.022386453587
7012,21205.1137186359
7013,31057.00894930707
7014,19337.077839830803
7015,18300.377726920353
7016,29582.92186316027
7017,28341.407538868745
7018,37914.77432154317
7019,52152.9578156015
7020,20225.5777656968
7021,16712.41495737835
7022,16736.176744761317
7023,20922.36683902053
7024,22330.442872436644
7025,27898.03026498668
7026,28086.62290519864
7027,35803.61124815459
7028,33356.49746401771
7029,42166.82624367899
7030,23573.917776783368
7031,16686.73198152765
7032,18675.808407258613
7033,20968.166637127655
7034,24335.095749117485
7035,20487.380778801715
7036,18222.68495879014
7037,17151.568374235434
7038,28743.501566555708
7039,25970.453092292522
7040,22668.320326051202
7041,31386.738154974395
7042,24433.92100187223
7043,19297.634950429598
7044,31812.29479456463
7045,19169.834209945806
7046,20348.774253176558
7047,122355.89529333252
7048,51214.08003122727
7049,25798.95800327397
7050,18938.362191290587
7051,31953.609190670628
7052,39419.00798506319
7053,17826.54448473906
7054,20679.912817058226
7055,32461.812204008394
7056,16813.864148268964
7057,20320.64660390302
7058,23239.022350496696
7059,31643.884786854316
7060,32043.111174883918
7061,28179.92444991449
7062,21350.28225472887
7063,16750.580213159836
7064,24985.868052734306
7065,16432.545545297085
7066,20791.64698768883
7067,20919.625459779974
7068,25426.160576066475
7069,18838.40075966648
7070,24810.832547831265
7071,16274.608303707002
7072,27517.376909197905
7073,23458.34070998822
7074,23139.088212890885
7075,28732.838305791374
7076,18495.136374413523
7077,18184.495897256584
7078,25916.300746102825
7079,18368.59191734338
7080,23289.379855015774
7081,43421.64506982904
7082,16105.960115019694
7083,16476.092045910125
7084,18360.04506693487
7085,16473.02846699355
7086,20338.863093842432
7087,16587.03974988539
7088,19760.691866381472
7089,19206.48340478647
7090,16686.339976793934
7091,17002.625851343524
7092,30623.539503705142
7093,20075.51500783353
7094,18114.60361434565
7095,21137.602745179087
7096,30511.85709738946
7097,16176.75439174602
7098,18685.345906886534
7099,20882.43593142939
7100,24262.835515461917
7101,16263.556850191288
7102,28041.502060617662
7103,23278.238996992477
7104,20944.145035107478
7105,19575.808936643632
7106,26623.048754037176
7107,29335.12120101753
7108,89524.15437871503
7109,18966.279386407194
7110,17859.51022397308
7111,23050.331581769504
7112,22645.04972785378
7113,17979.41719427082
7114,26633.919846072284
7115,25926.90612157379
7116,27815.51836258086
7117,23418.14036555547
7118,17319.760570596234
7119,25128.461468167905
7120,17877.344171434936
7121,19961.015956999872
7122,17408.295819201227
7123,20447.827982627343
7124,23885.06649445689
7125,23295.027407681642
7126,23699.796086550778
7127,31789.0664205656
7128,16592.78959640846
7129,37593.19817474381
7130,17237.74673500407
7131,19185.007692972475
7132,28606.765783358627
7133,23348.699788451315
7134,31134.414458085717
7135,33209.637338993154
7136,32722.389253438727
7137,22351.53440955934
7138,38088.68102222995
7139,37358.90123230057
7140,25878.81580885556
7141,23840.20042976818
7142,28638.239619911506
7143,24353.546688992676
7144,28309.829445877782
7145,19789.659669474495
7146,15890.537022845412
7147,19159.63869699028
7148,18892.86634504165
7149,17271.084963946698
7150,16231.508213901052
7151,16898.444331143248
7152,24054.010491012064
7153,18810.821998433257
7154,19996.873812666752
7155,34854.0217296412
7156,27944.596425485623
7157,30762.52904558768
7158,58945.43073754792
7159,20610.78844483927
7160,16396.3998186824
7161,18798.89126431824
7162,24441.549287592694
7163,23991.152087520684
7164,31717.55863357032
7165,23857.529387734
7166,23175.896873791113
7167,35593.79625822754
7168,16497.27307129229
7169,32707.671423567597
7170,16786.570289958538
7171,29227.932962921448
7172,17526.02808799841
7173,18496.381855503612
7174,18291.527922210797
7175,24443.345002757364
7176,21404.31790831484
7177,29973.786889632844
7178,24381.407971319404
7179,20246.782191907823
7180,21959.64733347884
7181,16419.290149523542
7182,25858.311934492573
7183,27296.130391202576
7184,26867.21185213399
7185,23854.028056313524
7186,19025.081575713026
7187,69062.09021924518
7188,21477.181855648287
7189,32138.183124970194
7190,20458.401228595714
7191,16058.51309380188
7192,27111.744619473917
7193,23369.815250549356
7194,29585.51357247286
7195,17138.41729831447
7196,23082.588742805943
7197,30894.52556022034
7198,20852.180367833706
7199,24082.26395868672
7200,36449.60674435005
7201,22955.70066988971
7202,17534.097213551984
7203,30890.38648574206
7204,16192.297710691848
7205,15976.328216422142
7206,18558.806754649042
7207,23462.94471730096
7208,18602.912846565923
7209,18692.00479795957
7210,41842.00581964591
7211,16010.256511982723
7212,22291.168612884187
7213,21676.791144929448
7214,16549.282652916343
7215,16180.173668218826
7216,26589.529769578658
7217,18644.22137187906
7218,23576.464249079607
7219,23901.851789890934
7220,16415.44628758235
7221,16886.49571425645
7222,24406.417281083384
7223,26644.684412454957
7224,18812.757346055685
7225,17253.50667569135
7226,22385.806244412455
7227,30978.29814087237
7228,16684.57760522767
7229,27856.209104083995
7230,23207.962398177042
7231,18795.01147961411
7232,24869.4735953637
7233,22306.370390568594
7234,19222.05216485691
7235,22646.44402731578
7236,17223.761852276635
7237,18545.784637588542
7238,43007.61118700378
7239,16685.136945234757
7240,37933.36208337034
7241,19302.745853364606
7242,37578.97795190512
7243,16996.926229939727
7244,31605.632129131183
7245,24611.3952711759
7246,18627.168726638643
7247,16823.697487258403
7248,27110.853434009914
7249,25242.829956223944
7250,20095.3351443553
7251,16416.91512675938
7252,23322.322478541995
7253,18616.41552142334
7254,26152.306680429192
7255,30154.37369690068
7256,19120.335176319684
7257,26428.192535068352
7258,27237.418942171964
7259,39366.67307021107
7260,22156.156690718526
7261,34425.14135221846
7262,16442.46943964534
7263,20027.41743290113
7264,16296.558078346261
7265,16170.719410988419
7266,42383.01186780115
7267,22264.676055392432
7268,16734.006066431
7269,17998.94834610072
7270,30673.299707298367
7271,47276.01529245622
7272,25102.528018230543
7273,29722.82000039831
7274,26132.948151832883
7275,29057.80240876723
7276,24301.64041947887
7277,16238.51704203288
7278,28239.385168222387
7279,23569.711149385235
7280,23483.20848202423
7281,24845.733827148764
7282,18966.189873438507
7283,17986.517660068093
7284,38090.1529470822
7285,30506.871063463317
7286,23530.875449694133
7287,20916.84935960044
7288,23019.480216660144
7289,47260.468530902275
7290,16975.60052829927
7291,18719.603012469677
7292,17340.399848837245
7293,17424.61615448149
7294,32321.078546191493
7295,16574.427315154306
7296,23745.499542122874
7297,20009.33295016423
7298,17003.811597465807
7299,16448.607680208286
7300,27849.2099158763
7301,16428.159931493272
7302,28275.085706749385
7303,26994.688741672286
7304,36681.547518657004
7305,24578.880360544088
7306,16584.79941693464
7307,16403.905104807927
7308,27071.039160772954
7309,16902.985978907025
7310,17798.92659982131
7311,18904.25116007838
7312,28959.45481701324
7313,23738.212095520477
7314,40321.09685388116
7315,17403.33237562491
7316,18760.59178738919
7317,27613.937759952743
7318,26805.782404363636
7319,16452.372942700535
7320,24548.137497325755
7321,17910.708946404455
7322,18879.104908421476
7323,38063.11728129104
7324,43303.468291240366
7325,20742.07473692383
7326,43071.661055626406
7327,20080.470961446914
7328,26821.083839968956
7329,21559.001484159293
7330,17747.8860996704
7331,34789.69387946851
7332,18735.431349219492
7333,22614.611951786774
7334,17371.455994960837
7335,18807.2313474276
7336,20591.898419869627
7337,19332.30595530444
7338,19056.873759700797
7339,25617.50200883454
7340,28857.361424221766
7341,50651.76676738883
7342,26158.674541780903
7343,40134.93433649782
7344,19157.295296204833
7345,23854.372039897997
7346,50279.53279316472
7347,26572.47268267373
7348,22538.9319474258
7349,21443.931227530647
7350,27539.343465957798
7351,16523.49451050185
7352,16688.709302849467
7353,16774.980258350173
7354,17070.8387433307
7355,16399.66633544777
7356,27712.835455061362
7357,28990.703311760808
7358,27999.087447202095
7359,17869.751874282294
7360,22357.423741095292
7361,21706.161932770505
7362,16451.015141791224
7363,27514.827291455997
7364,20559.36297827799
7365,19679.086225818202
7366,18226.592002995512
7367,16246.468323555357
7368,17150.39332264741
7369,19983.93549454284
7370,17795.688873108167
7371,20889.930459038987
7372,23017.19376465144
7373,20325.473615003888
7374,26177.566231595774
7375,18212.93115413168
7376,16797.71165277673
7377,18233.661103761362
7378,21810.94790034911
7379,26972.165250800437
7380,30964.58370669232
7381,16324.655048797156
7382,16705.254652341264
7383,16699.415682942814
7384,24905.619058354823
7385,16349.509196015963
7386,25834.305712720907
7387,25689.486806397712
7388,44118.27556314213
7389,26616.056876132796
7390,17542.692097935804
7391,17419.597035315594
7392,32254.18757803666
7393,17328.268312994656
7394,35794.16869330143
7395,16636.91729201167
7396,19505.464858885312
7397,19196.247621644103
7398,18863.962595393245
7399,16249.045440887981
7400,28322.777010524063
7401,21837.30459201579
7402,31717.11195148283
7403,16442.203505280224
7404,27508.970447583753
7405,22390.57814335993
7406,17543.600384115547
7407,25786.028075509465
7408,27021.95658608355
7409,18856.152589034737
7410,24478.01216649949
7411,16758.427641224233
7412,28406.89928881382
7413,19952.02064631563
7414,33694.35837849372
7415,17524.09840722999
7416,25397.866844364584
7417,16414.617955015503
7418,17016.422723109932
7419,34621.00918261225
7420,35439.710594393815
7421,18088.872525563052
7422,20062.30910117222
7423,16605.042193866684
7424,18198.8221198609
7425,28920.5624657875
7426,34119.80903497714
7427,18157.147067996255
7428,19614.50902087299
7429,44602.33076526094
7430,17413.239691403764
7431,22511.874048800084
7432,29556.94978178582
7433,17220.316129573763
7434,30260.571603171004
7435,16420.390290909745
7436,48081.99491644316
7437,30944.5153037766
7438,23736.912119802462
7439,17650.69710825819
7440,31835.211321056435
7441,21834.80562572667
7442,16760.991725816835
7443,22800.214600654363
7444,27521.80732611205
7445,30326.408654549432
7446,16218.289494631133
7447,24923.595264077583
7448,28912.476052014892
7449,17532.726134877492
7450,20371.44548186136
7451,39407.93210069624
7452,22585.411733361412
7453,17081.842883557594
7454,25834.62454471583
7455,19277.632635181024
7456,26591.96574672268
7457,23378.596761740013
7458,21227.524887154166
7459,17039.400682610485
7460,16418.353208000903
7461,19892.630461430854
7462,24244.210771123006
7463,30146.956182954207
7464,20842.815446313758
7465,19500.96192225674
7466,30581.06430360163
7467,26861.00134932428
7468,19207.524127620833
7469,18045.60558795417
7470,29349.250856912866
7471,19165.65297489327
7472,22317.805392914546
7473,16926.789128426008
7474,24824.758423795764
7475,18761.779300212067
7476,21107.99298966703
